Id;Label
1;theonlinecitizenasia
2;WyeYueWong
3;kelabfotojurnalissmkbandar8134
4;pengetuasamparitbaru9012
5;melvinvillacote1806
6;keepitrealonline2291
7;abd.rahman6850
8;archdioceseofkotakinabalu
9;OlenkaVucetich
10;hmetromy
11;thestaronline
12;UNESCO
13;FreeMalaysiaToday
14;nornazuwah7073
15;OurStories
16;madangowri
17;aimanhakim5378
18;ReachoutAU
19;CommonSenseForFamilies
20;dcmp_access
21;childnet
22;globalnews
23;CommonSenseEducation
24;SamanthasTV
25;officiallyleanne
26;esetglobal
27;ktsm9news
28;Vlogfortodaysvideo
29;fardybebeh4757
30;e.paterez2359
31;FaizNajibMusicOfficial
32;ShazB1ano
33;ginaschwinghammer8569
34;1brendaleigh
35;zafri8760
36;5NewsUK
37;HartfordHealthCare2023
38;sportsnet
39;tweberpvlearners
40;InternetMatters
41;seanessysprojects3604
42;FrozenTVFree
43;upliftingtv
44;RSAConference
45;magnificovillarosa6790
46;BritishGamingChannel
47;Jcuddles4
48;shineenhypen4537
49;mikichu6151
50;mahallahfatimahaz-zahra9003
51;zainmasood3951
52;nabilsyafiq6325
53;klmssiium9875
54;nadiyatulfarhana366
55;littlestepsasia6122
56;BryanNgSY
57;universityofminnesota
58;anabelletheyoungchangemake8403
59;iskandarrahyme5223
60;smokeythedog
61;Kinetsu_kunn
62;fyrakhairi7445
63;PerthHighTV
64;weagainstcyberbullying4464
65;thisaigaltv
66;aparejadoelyza
67;nurularina2506
68;PlanetNutshell
69;kumafoundation3450
70;bhuman7063
71;rubydrew1550
72;jt0211
73;naimnorzaiman5143
74;brittanymann3193
75;BrooksGibbs
76;malaysiafunfactfanssociety8088
77;iffahhaziyah
78;UNICEF
79;justinmcardle8195
80;lorrainegarcia5443
81;AACTTrailblazers
82;StopBullyingGov
83;azdhs
84;vincenttan337
85;createekit
86;nurinallysa
87;mrthottakaattaan
88;VaalgaMalaysiaIndians
89;brannicpang
90;abangzaim2336
91;kerul445
92;SanthanarDronachariyar
93;RESETBeingHuman
94;iamyongxiang
95;DETQueensland
96;NjckiTran
97;aoof.k
98;reymarktagumpay1601
99;farihahhisham9345
100;wnwo
101;intanfatihah6272
102;KENNETHREGACHO
103;fbi
104;jocelynrasalan5772
105;penangwomensdevelopmentcor4795
106;unicefmalaysia
107;yong2peaceful
108;COMMSquad
109;startutor8468
110;Woman-101
111;educationdestinationmalays1189
112;elevatedlifesolutionsinc3486
113;CMCFMalaysia
114;informativepersuasivespeec8263
115;icpmvideos2734
116;DrMeghnaTheTherapistMommy
117;satheessolo
118;treeistree9351
119;videosbyvangie0553
120;nurfatihah5812
121;nurainafiqahzainal9415
122;projectforesight1412
123;bullyhunters9021
124;vanakkammalaysia
125;nuraliaahmad1487
126;brighterfutures1035
127;jasminesy2886
128;WeAreStories
129;CalieyLPS
130;RohitPradhan
131;NURFALIHAHSTUDENT
132;wcianews4108
133;amirrafiqbinrizal5192
134;meiying8553
135;sandaraconstantino5088
136;standupstopbullying2322
137;ums_fki-ethics4660
138;cummakizhi9015
139;globalfriendsclub-gfc4615
140;TheCommercialArchiver
141;esetusa
142;jormelbadilla8676
143;TEDx
144;creativechaos8740
145;TELUS
146;MrHotcheez264
147;neuestudio8168
148;faqehaabdulhamid139
149;cyberpstn5959
150;MC-ke2zp
151;MakkalOsaiTV
152;NOVAPrinciples
153;psise-learning2308
154;thegoodcastshow
155;channelnewsasia
156;DadUniversity
157;OKInc
158;faraharrisa1397
159;suriaklcc-mall
160;soadahmedyeasin3856
161;CBCKidsNews
162;MadamEnglish
163;findingthetruth1
164;qazwini7109
165;xdominationx5401
166;mydigi
167;gyankaksh
168;ariefsyazry8404
169;erikl5831
170;TheAmazingWorldofGumball
171;khairulhafizar
172;fatenlyana7070
173;greatermcr
174;puterifarahnatasha
175;Peekaboo_Kidz
176;soundpitstop2454
177;iAMLearningContent
178;BELPUBLICSPEAKING-km4ri
179;angelicaguting7070
180;celebcrazy101
181;KellyNickellphoenixfilms
182;ashfyra1204
183;NurulJawahirMdAli
184;jaykannan63
185;chiayuchen85
186;YamensTOTs
187;GabriellaCorvina
188;cerdasberkarakterkemdikbudri
189;DharMann
190;nellytodorova2761
191;improveyourenglish2231
192;jayishaya5485
193;Thoughty2
194;yltiu8534
195;inspirationsbyjenna218
196;MohdArif-om7kf
197;PERMATA_KPM_Malaysia
198;r3kt4u20
199;OfficialMissUniverse
200;nhs-tv5865
201;0xJarod
202;fox5atlanta
203;mocktail1062
204;madisonmisi7365
205;khalisfirdaus7263
206;baivailly007
207;astroulagam
208;beautifulvanity3020
209;aistudiosmy
210;Wazaaagaming
211;TheEsafetyCampaign
212;vaneddaa.j4886
213;stem11faith59
214;derekgaswirth7978
215;maddieparks8114
216;jeevan5439
217;jessicanonog9313
218;smithathamil9680
219;rochanasilva9073
220;milesflip123
221;TheArtsatUSF
222;dervonbarreraherron8518
223;wildcardjonathan
224;sarawakwomen
225;Mr.Banana-AS
226;Foxla
227;mediasbpirawang2002
228;WhatTVUSA
229;musafak4569
230;interactivemedia8822
231;nurainfarhana2203
232;harishhaqimpseduo
233;rusyaidahbahirah4703
234;raagamy
235;allgoodagency
236;TheDDDayna
237;FixersUK
238;McGrufftheCrimeDogNCPC
239;jiawei3964
240;kamsterz1107
241;nurhidayahmohdlazim1926
242;consciotechnologies1031
243;UNICEFUkraine1997
244;AssociatedPress
245;FirasChelsea1155
246;jodimoore7042
247;b.i.a.thinkers5514
248;AWAMmalaysia
249;tasvinswindow3400
250;struttcentral
251;Faline_San
252;AkanchaSrivastava
253;jivensekarr
254;jetsanyap8291
255;EveHemingway
256;JCIMalaysiaTV
257;ms.laweducator3311
258;MuhamadHafidzBinMuhamadHatta
259;baktisiswaupm2017
260;mohdaffiqaffandybinazlizan5908
261;Nobullying
262;ikayspire
263;VarnamMalaysia
264;nrsyafia4171
265;AmishLegal
266;ilyarizki2537
267;CGTNPodcasts
268;noorsyahirahsidek8487
269;amirasyahira6302
270;muhdaqid865
271;ericagarcia4542
272;syahirzain5463
273;BaileyyElizabethh
274;oliviagrace671
275;geO-nv4ux
276;studentguidanceunituniten6104
277;7Leyers
278;lpsandothertextingstories5641
279;nurulizzati5019
280;Smallworldsvideos01
281;nurainsyahirah3331
282;lionelkarleong
283;missgrandmalaysia8601
284;AhmedHassan-rh1et
285;Sarah-bun
286;TheMalaysianInsight
287;syazwanizubir8396
288;muhammadsabiqazmi147
289;nabilHiraeth
290;allenparena5468
291;VinceJamesTV
292;AhmadAlKaashekh
293;ubsmeducation
294;PsyGroupF
295;BarkTechnologies
296;DubaiTamizhan
297;emasliza1741
298;katiekwak3233
299;zainalstory
300;cyberahi2260
301;EphraimRyan
302;abdullohjitomaso9836
303;yeakiniqra
304;cassidystebe6677
305;sorviball
306;anotherbrilliantconcept
307;Asksonnie
308;novabucks1116
309;rottenmangopod
310;keluarsekejap
311;VictorTan
312;suppakritchakranusorn8427
313;nuraidasabrinabintiabdulra9213
314;Pulse95Radio
315;mayac5172
316;edu_sagov
317;tmm35magpie
318;camillepobletecamacho439
319;autismmalaysia
320;sereneretreat8179
321;kashinathkubal3543
322;projectrisemy6916
323;aimijazmina01
324;sharifahnadira2660
325;cherryclicksofficial
326;savrina00
327;aifamtv9430
328;Yushahira
329;bernamatv502
330;amaliaputri5690
331;prakerinbbgp6258
332;MRViral-nl9ok
333;jacksonchu8957
334;nurriansyuhadahjasril4892
335;ewrfmalaysia1978
336;rahmatsafiee2397
337;stopcyberbullying3207
338;FashionModelCulture
339;HarithZazman
340;unclemrlee1013
341;astroawani
342;charismamovement
343;ADHakim-vg8lq
344;hikmahyusof7538
345;towingstoon4814
346;muhdaimiazri7430
347;kyledolbin8430
348;kinitv
349;xxlivezcupcakexx5427
350;syahs_
351;ChiikyBoom
352;sara_diaries9
353;AsianScholarsNetwork
354;marvincayosa9292
355;PlayLoad
356;antibullyingpro
357;pwkmmpraeryyyy
358;SAYSvideos
359;captainrecapcorp
360;AlphaQuinnShaliniPeriasamy
361;delverad5112
362;stellamariearce
363;rockstar1993ful
364;elizatherabbit9226
365;pasirrissecondaryschooladm4947
366;TheEdgeTV
367;BeePlus44
368;nurakmalizzati4491
369;mediarakyat
370;scoopdotmy
371;nazifahhannaninordin7901
372;thekhai94
373;accinmalaysia7959
374;fbcfairview
375;BSGHPFORCE
376;bojotv4898
377;AbhiandNiyu
378;aizzatrahman2155
379;yumnamoosa6407
380;RJBaculo
381;jackietubio6594
382;ucofsamedia5297
383;TheHighroller3
384;BackAndForth3
385;kaki1243
386;rageonlinetv
387;gAdis520PeacE
388;NSFilms04
389;formofconfetti4411
390;karutthukantasamy
391;MentalHealthAwarenessMalaysia
392;tcerellybmexs1059
393;e-medialhs1996
394;KDRAMAFANS88
395;nadikampungbarusentosa
396;SanaSiniShow
397;teaterbahtera
398;farahghazah
399;LetsGetItPodcast
400;SSIOMalaysia
401;Aleysharv
402;WBNS
403;Submitthedocumentary
404;aljazeeraenglish
405;ArwindKumar95
406;beritamediacorp503
407;LifestyleNerdy
408;hannahlin5309
409;HCAhealthcare
410;wxyztvdetroit
411;lpsallisontv1625
412;childmindinstitute
413;GenerationNextCommunity
414;aanisshahirah
415;MothershipSG
416;MarshfieldClinic
417;UNICEFsocial
418;9NewsAUS
419;SaravananDecodes
420;ezrielmangui4143
421;straitstimesonline
422;DoctorRamani
423;abc10news
424;aboutkidshealth
425;dzalistv3380
426;watchwellcast
427;kidshelpline101
428;NRL
429;kimlumakin153
430;WriteWithMe848
431;LawAndCrime
432;NineNewsPerth
433;WeAre881
434;WSPANewsChannel7
435;RyanManhwaRecap
436;4-wm4gv
437;sheisabornsurvivor
438;RhapsodyxTV
439;fr-g10lomboychristinegenes89
440;biseragerald5484
441;KruseLaw
442;WEBWISEireland
443;my2cents1202
444;LimoSketch
445;amityinternationalschoolse8572
446;JasmineGilbero
447;sarawak.tribune
448;hilaaltv
449;essaywritinghelp6132
450;agpayjohnc.beed1-ms898
451;youtubemonkeys8251
452;unitedmalaysianhinduvoice969
453;caroltodd680
454;CyberWorldHindi
455;GeeksforGeeksVideos
456;dr.ankurchauhan6793
457;camaraditys
458;SarasotaSchools
459;nurmasyitahnajihahbtchemoh3172
460;fightchildabuse1913
461;nurinalisyabintimohdnizam4107
462;ABC13Houston
463;sharifahmunirah932
464;healthyworkforceinstitute
465;ncscyberbullyingawareness7738
466;hazelritchie323
467;ATT
468;MyIsraelConnection
469;rowelynroxas3150
470;MorganMichelleJack
471;GlobalAcademiaNetwork
472;assignment_ITIB2093
473;izzatazman712
474;AlwaysBrand
475;zalymedia7969
476;illustration.malaysianinst275
477;DiyanahSham-m1c
478;zatuljiha3674
479;SmileandLearnEnglish
480;jeffsweet6424
481;suriyajayamani53
482;ConOn55
483;ainnyroslan4471
484;thamonphanyoungsuksin982
485;NetsafeNewZealand
486;mr.f670
487;fmsmakerspace7724
488;khthhonl
489;norfaizahatikah8225
490;NADISibuti
491;PerkongsianKeilmuanUPSI
492;KhadijahSofian-u6v
493;JabatanPeneranganMalaysia
494;cikgusaida6724
495;cinaapekredhuanoon6215
496;BNTVMalaysia
497;MLCSingapore
498;faizrayy
499;Kaspersky
500;yashy_15
501;MissionCISDTV
502;nadarajraj811
503;blesscastelo
504;portphillipcouncil
505;UNGSawarenesscampaign
506;abdulghafurshamsul968
507;izzathakimi1918
508;khootchiajiunkpm-guru3086
509;AHMADSYAHMILUBAWIBINSABRIKPM-G
510;pfizer
511;%E7%86%B1%E8%A1%80%E6%AD%A6%E4%BF%A0%E5%8A%87%E5%A0%B4
512;BuletinTV3
513;BeritaSatuChannel
514;unitwebdanmultimediacictut6520
515;kathirvel8654
516;fathiyahjamaludin2078
517;ariadhikarayendra5111
518;tv3malaysia
519;BeritaRTMBES
520;MyHEALTHKKM
521;PeoplePixel
522;Rennybudiarti
523;GovernmentofBC
524;jhizz3534
525;koyitin0712
526;espcunlimited9659
527;grameenphone
528;nurinzulaikhabintimohdzuha3138
529;PKTVPSSSMKPaka
530;DukeShaf
531;mohamadaziansairin-boyazya5176
532;yeepeili8162
533;ainanajwa78
534;NeverGiveUp-yy7bw
535;WanFaizat
536;shahirahmdshuib1755
537;Germanspirit21
538;uniutamafm4217
539;wanrafikwanismail8373
540;nurkhairunnisa7800
541;azianamusa778
542;himayafacemask6856
543;cmyra_d6992
544;ArifAlias
545;pusatmaklumatrakyatmarang9043
546;joeyisme4182
547;klusterbintulu2610
548;pagoheduhub
549;ByRoboxin
550;GoogleAfrica
551;BHOnlineTV
552;mlstudiosmy
553;mStarOnlineMalaysia
554;BuletinTV9
555;hayyinmedia
556;tvsarawak122
557;Asiyahtul09
558;AnisZakirah
559;CikguIT
560;beritaalhijrah
561;ShaneHummus
562;dbkltv
563;azaniyahya
564;atehthestore
565;sheraa2683
566;sophielai6769
567;pusatinternettamansentosa1804
568;nikamalia5182
569;MURGYATNO
570;khairulazri5017
571;yoyeogie4498
572;tvpsssemarak7106
573;sasol
574;digikey
575;simpangrenggamdihatiku795
576;GoDaddy
577;BpChannel01
578;mohefestivalofideas5356
579;Coding-student58
580;ActualTechMedia
581;NADI_TamanSaujanaUtama
582;pedikgmelaliasipitang2137
583;zaliah8560
584;psssmamahmudiah
585;khadijahaz8678
586;LifestyleYouthBernama
587;amirhakim5070
588;arif.azmi0904
589;ubksmktamantunku631
590;jkknpulaupinang7930
591;BetterInternetforKids
592;multimediacreativektac1682
593;pedipprtamanwahyu4793
594;TV9MALAYSIA
595;ainiazhar7775
596;sunwida
597;lifestudio188
598;sazman2169
599;nntasyaee
600;najihatulhusna6871
601;nurinnabeeha7838
602;teacherlin7396
603;nuradlinashatirahahmadzain1475
604;VIWVNNVJIB
605;fakhrulshamsulhilmi9366
606;assoc.prof.drfauzihussin8623
607;ntv7MALAYSIAOfficial
608;ummiyaatunzulkifli9802
609;sekolahrendahislamnurulehs5691
610;chriszheng3758
611;xploremindz
612;dscivideo
613;nurulsolehahbintiabdulwaha5381
614;izproduction2987
615;sitiaisyahabdulkarim8862
616;wanasyraf8712
617;pedikgsuangpunggur3814
618;muhammadzulfadhli8534
619;aelliceaelliepriclismadikb7699
620;danadiyana8450
621;mashitahidrus1711
622;tvpss-sksgbpowerexcellentv8931
623;pusatinternethajighaffar2362
624;BAHNewsOfficial
625;sumberkini
626;cikgulizawatiadnan6098
627;nabilahnur7792
628;SITNurulIlmiJambi
629;norarasdi765
630;ayuamin
631;dhl
632;Allianz
633;SuccessiveDigital
634;KamalAizat86
635;CyberSAFE
636;fadlihmuhammadihsan0258
637;dalatdigitalcommunitycentre
638;centralcablesberhad1628
639;FinasMalaysiaMY
640;azetsuk
641;vikneswaran2991
642;ahmaddanialimanchannel2689
643;ernishazlin5981
644;pusatinternetkomunitikampu8099
645;Zaxckdisini
646;angryzazu8666
647;aljannahchannel1217
648;umairahhamzah8652
649;ScaniaTrucksBuses
650;AutodeskUniversity
651;CyberSecurityMy
652;farahaqilahislahudin1811
653;kurzgesagt
654;readiysteadiy
655;komunikasi_gov
656;BadarTVNews
657;fazli00_
658;ShineAtWork
659;bahazmedia
660;KemkomdigiTV
661;StudioMarangMegang
662;BlackBerryQNX
663;ahmadfaizar
664;mahfuzah9970
665;SamsungBizUSA
666;VVaby
667;SDADanCars
668;masrimuhamad5064
669;CXOTalk
670;HaseebElectronics
671;Ultimatereloader
672;sallysintya1366
673;EmersonAutomationSolutions
674;onenews5342
675;SofiWahab
676;PrimaElectronic
677;CanalCarro
678;SafetyAnimation
679;skpagarbesikualaterengganu4558
680;skdwkchanglon
681;haikalradzi2714
682;najihahnadhirah9787
683;nurulsyuhada9692
684;ilmupsikologikaunselinginv3368
685;davidg5951
686;pusatinternetbukitraya8942
687;munishahk
688;dorislearningchannel4123
689;DeepDivewithAliAbdaal
690;pedikesedarlebir3017
691;mitocw
692;fluke
693;andikaramajr5504
694;gabrielwong7916
695;azizulfizri963
696;erikakarmila9448
697;herokomunitidpm4a648
698;duniazat
699;gegarmy
700;muhammadfawizbakri5284
701;persatuanpenggunasibermala2445
702;mustaqimbaharin
703;chesitisarah7348
704;amirirfan7623
705;ahmadsyafiq588
706;pi1mdktv789
707;arearif7479
708;pekakacreativestudio1802
709;miorsocceroos2454
710;ainzawanah1230
711;kool101my
712;aimanhaziq2139
713;norhandayani6825
714;nurulnuhaghazali3029
715;syahirahmohdkhair9134
716;alvinying6801
717;bbssubk461
718;haziqdaniell2611
719;pedipresint1821
720;G5NetworkOfficial
721;azlinarazak6334
722;muhammadrasydanmohdshafie5136
723;missruwaida8829
724;muhammadimranbindaing2214
725;RaisyahIbrahim
726;nhusna2748
727;addyyusman2261
728;dhiyanuts2229
729;fazwanaidros6151
730;atikahlating4242
731;izmiraizat7241
732;nursyazana6184
733;DramaSangatOfficial
734;sumita7752
735;cikgurafidah3352
736;emilson7693
737;selamatmalammalaysiartm6352
738;rohayabteshamsudinkpm-guru4943
739;semshahtv1202
740;SimbelStudio
741;aqilmanap1176
742;amirulizwanbinmatsaid601
743;s.amerudin
744;kaunselorsemetritv8274
745;eliezanatasya8240
746;amuhayminhakim4330
747;KamarulIlmar
748;lenafaridabintihussainchin9410
749;sunnysyms
750;muhammadtajuddinbinazaha6636
751;mhbachannel6179
752;nuranisizzatii
753;jabatanpembangunanwanita4322
754;setonscreen4382
755;jeffr.7407
756;%E9%BB%91%E6%9A%97%E7%9A%84%E7%8B%AE%E5%AD%90
757;alvinchrls6953
758;smktunkuabdulrahmankuching3522
759;cyberspaceedutube6439
760;ASAProduction
761;nurainna2650
762;muhammadikhwanbinsalimig2080
763;aynamalek5262
764;FaizuraAbSatar
765;oggy
766;tektronix
767;gkeofficial3534
768;GalcoIndustrial
769;CikguMSyaiffudin
770;DPCcars
771;GelBallBlasterMaster
772;PhillipsVision
773;FlexitechEvolusindo
774;maizenofficial
775;fatenmunirah3345
776;KisahDiSebalikSuara
777;GerardBurkeBurkesGarage
778;haryzhanifsuhairi9536
779;khairolazzam6116
780;thedrawsk1161
781;MHPNwebinars
782;dailyRx
783;theleadersonline9635
784;noorazmirzakariachanneloff4106
785;mykomnasional
786;NaufalHamka12
787;PartiKeadilanRakyat
788;kompastv
789;IMUMalaysiaOfficial
790;EtisalatSL
791;OurBetterWorld
792;muhammadfaris-qr8gg
793;tanmelissa229
794;Naveinology
795;sietynathasha1198
796;m2musicrecordsMY
797;michaelpetro6492
798;ntvuganda
799;Nordvpn
800;skykillers7554
801;f.o.r4126
802;DonutsDoggie19
803;elisakatherina9542
804;erlanggainspirasichannel
805;thehoodfactory
806;CBSNews
807;mediastudiesptemeragang2736
808;weichun6148
809;sterlingtv19
810;ganesan6894
811;KuliahMurabbi
812;rossetlee2037
813;wahidahrassid8712
814;malaysiagazetteofficial
815;tvOneNews
816;MarvinMM-zo7pv
817;singapore8118
818;tribunnews
819;anonanonymous8757
820;GKganesan
821;kiimu2561
822;atiikarahma
823;SerGeybin
824;alianoreesa381
825;tonyderpstark
826;khalidsshovon6991
827;ryandayy
828;WhatWouldYouDo
829;movielines7591
830;darlenelamere6704
831;KTMBRailChannel
832;StellaW
833;bayunatakusumah
834;perpustakaansmpn1tajurhalang
835;RahmatFitriChannel
836;ccqnut
837;lanacion
838;najirstudio_series
839;maxnavarro1799
840;leveking5173
841;zuraidaadnan1038
842;muhdmustaqimmus3605
843;biyaibaby3292
844;fhuwp
845;aaaatie
846;umnoonline46
847;sitifatimahazharudin2656
848;OfficialSINDOnews
849;akennick2739
850;NM_0410
851;eryiensahaini2878
852;nurfatinsera2349
853;GroupPJJUUM
854;pemkot_salatiga
855;thirdfour3448
856;JohorTimes
857;eratuku9702
858;nazasapuan6536
859;suriantomohdyusuf4618
860;jasonyew_
861;hasyaaqilah8976
862;RoCMHI
863;kasthurinr9133
864;kejaksaannegeritanahlaut8296
865;mohammadasrulsaniayob4998
866;8NewsNowVegas
867;Unknown
868;gemilangsehat
869;MelbourneFCOfficial
870;MrBujangcmanggang
871;kompascom
872;KLBGUKM
873;UMNOMALAYSIACHANNEL
874;fadzilahaliofficialstpmPA
875;abc7NY
876;papaberrystudios
877;talkshow_tvone
878;ainurfarihah4822
879;hannaniridzwan4357
880;officialdonut3581
881;afaafa397
882;ctmar7355
883;penegakhukum3637
884;lincoln_collegeuk
885;JschongChannel
886;intannurulaini5170
887;netnewsroom2023
888;SembangLawyer
889;fatinshahira7858
890;Zacklvss
891;nurulafiqah4667
892;bhavatharani8465
893;aliamaisaraabuzahrin8078
894;farahpjbtunastemerloh907
895;ptarkampusrembau6542
896;nrlannasuha_3193
897;NetEntertainmentNews
898;hafrizalassidiq5974
899;tulsacc
900;TheBalancingActTV
901;cybersecimsigteam9036
902;atiqahhashim1397
903;wave7215
904;corbuzier
905;France24_en
906;LiyanatheLawyer
907;JomChannel
908;abhafiz2032
909;nuramirahabdlh999
910;9521483
911;babalee505
912;mohamadsofiidris9326
913;shamilahussain4622
914;coronoviral2974
915;keperawatanumy
916;revalinanvr
917;japenpenang7035
918;muhamadazra491
919;bernamaradio
920;athiahmohdhassan7796
921;kelabprsusas1864
922;fakrulzieman5226
923;ruzainirahmah1372
924;pannyoctaviaignatiusmoe6773
925;sitifarizabintimohdfimimoe4256
926;cikgunashar2397
927;nazrulazeem3801
928;nurfadlillahnazar
929;mohiddeenjalani915
930;KLXpresstv
931;bettyding4209
932;zaimibinsupangatkpm-guru1271
933;danish067
934;BatikTVNews
935;yusquairyside485
936;ORAITNOPOChannel
937;naditaee6256
938;norazaidi98
939;jeremyjovian5538
940;nadhrahhakimin9576
941;azweenfarhein7278
942;IndonesiaBaikID
943;mybmexschannel2793
944;setonhall
945;zspstudiochannel7225
946;wkbwbuffalo
947;mohammadhafizanbinsuhaimib3609
948;muhammadasyrafbinnorizan7246
949;easybrother4064
950;mohdnizarkassim5061
951;fatienhananie1909
952;nasrinolimit9515
953;cikguwanrizalmi
954;ministeriodeeducacionpublica
955;shariliqbal82
956;DiscoverySA
957;unitkokurikulumsmkdsa6786
958;tvskkkliaofficial140
959;asruleff
960;lipisborn
961;farahfisya1226
962;PERSADA-bj5gx
963;talithagumu
964;StartingElevenMomen
965;pedifeldatersat6781
966;ejat2910
967;ungkurahman9214
968;lensapaktam7078
969;khairulannuarbinmohamedmoe8392
970;yogesramrao3426
971;waaa8352
972;NOICEYouTube
973;DanielDj-yq9ss
974;danishrozain4728
975;kmnbox6965
976;amirulaz3375
977;Leojbryden
978;lily-chan29
979;nurulizzahomarbaki
980;lisadaniiezuzaimi5684
981;leo_037studio9
982;adlyanasyafrina2841
983;tvsebelah4156
984;awas_sib3r631
985;zeck6616
986;husnauna-xt8zm
987;mohdfirdausahmad9037
988;YONGSONYAP
989;ilmunael759
990;cgnuhaubk720
991;AnisaIcha-l1u
992;dygsiti4120
993;fatimaazzahra8788
994;ahmadfazierul2274
995;hafixanwinxi3652
996;CloudStar9819
997;angelsdaughterjivittha4979
998;NADIBNO
999;ququscott7636
1000;user-zjy
1001;fatninfarzana6886
1002;nursyahidahtahir6461
1003;RelaksBro
1004;Sulle_sul
1005;mudin3129
1006;nadipengkalankubor
1007;lintangpukang8168
1008;savikaduwinda
1009;memerangbuta4130
1010;sitinoraliafarhanabintisai4359
1011;aininsofea1446
1012;beritaumnomalaysia
1013;norapauzi6828
1014;eiykatiqa
1015;quratulaini3987
1016;sufiahnahmohamed580
1017;chenglong733
1018;rushstudio6918
1019;ainasyaza7754
1020;DrNikRahimNikWajis
1021;arahindonesiatv
1022;VDUS-%E0%B8%8A%E0%B8%A1%E0%B8%A3%E0%B8%A1%E0%B8%A5%E0%B8%B0%E0%B8%84%E0%B8%A3%E0%B8%AA%E0%B8%B1%E0%B9%89%E0%B8%99%E0%B8%AA%E0%B8%B8%E0%B8%94%E0%B8%AE%E0%B8%AD%E0%B8%95
1023;zakirimohamad6321
1024;asmaadlina1747
1025;nerdicelf
1026;nurulainrzl
1027;profemariainnocenti5420
1028;stephen_chow_limited_colle9615
1029;seruajaboleh
1030;farazilifestyle113
1031;KUKU%E8%BF%BD%E5%89%A7
1032;SuaraIslam-xy3pe
1033;kangdjalalofficial8016
1034;ArtemisyaChristian
1035;yakboktam
1036;CNAInsider
1037;ObviouslyHarithAWANI
1038;ikrammuslimin
1039;ESPMMalaysia
1040;nstonlinetv
1041;julietmcguire
1042;MillennialFinanceMalaysia
1043;keepcalmandmanifest
1044;ActionFraud
1045;SuitcaseMonkey
1046;MaxChernov
1047;KouroshKamyabi
1048;hhqmy
1049;Chai_Travel
1050;anasahmad1985
1051;saimizirajak121
1052;Pahamify
1053;krisha58
1054;RevistaComunicar
1055;amazeorg
1056;timingall3255
1057;BrainPOPUK
1058;KETV
1059;JTLEDDisplay
1060;Rocheston
1061;%ED%9E%88%EC%B9%BC%EB%A3%A8
1062;ehsindiaservices6620
1063;AFFIN
1064;houstonisd
1065;ENISAvideos
1066;centresocialresearch
1067;SimplilearnOfficial
1068;TwentyTwoThirty
1069;businessstandard
1070;AppleExplained
1071;Wslstv10
1072;JointechGPSLock
1073;wsj
1074;sonhoodcoaching
1075;CAMHTV
1076;SirGrey01
1077;kidspective
1078;huaweidigitalpower610
1079;UNSWCanberra
1080;AlexTeo
1081;ultimatemultimediaconsult
1082;EmpowerSocieties
1083;wandereview
1084;cybergatemsp
1085;LukeBeyondTheClassroom
1086;bentleytransportationasset5371
1087;IntTEFLAcademy
1088;msansview4860
1089;NCPCsingapore
1090;airnz
1091;LibraryNicole
1092;WXOWNews19
1093;cdrkingtechnical2011
1094;KGWNews8
1095;esiheartwill
1096;PineRestVideo
1097;WZDXNewsFOX54
1098;politics4her137
1099;BrainStationChannel
1100;clevelandclinic
1101;MalaysiaAirlines
1102;rossmanngroup
1103;WpsdMalaysia
1104;programmevia2385
1105;qingqiaoG5687
1106;NomadElite
1107;MARiiMalaysia
1108;designforchangemalaysia3149
1109;shanghaiqianhui5224
1110;AtasKasino
1111;headspace_aus
1112;eworldenterpriseTV
1113;ChildMonitoringTips
1114;izatulazman402
1115;bfmradiomy
1116;nusfassresearchdivision674
1117;SGTechTV
1118;SuesKawaiiCollection
1119;RogersBehavioralHealth
1120;UppsalaMonitoringCentre
1121;smartlockmalaysia1443
1122;hakustream
1123;dysrexn
1124;rchandra2006
1125;BoboBorakEverything
1126;mywifequitherjob
1127;mollycooper6558
1128;fogEntry
1129;Telebort
1130;utardivisionofprogrammepro2281
1131;RyanCowan
1132;kurtisdrouin9777
1133;WCNC
1134;JoshBurnsTech
1135;BBCNews
1136;FutureProofTV
1137;penny4sparrow
1138;entrypass2467
1139;WorldwithoutBordersyt
1140;MaxMaher
1141;otaktuition1195
1142;careerfoundry
1143;PenangAdventistHospital01
1144;Mr_Web
1145;LifecraftCP
1146;medwikienglish
1147;PearsonProductions06
1148;ChildrensWisconsin
1149;3NewsGH
1150;DanielXFraser
1151;guidingsol
1152;digitalpilipinas7152
1153;ProdukExplorer
1154;BERMADWaterControlSolutions
1155;oragnsunda
1156;ingressmalaysia
1157;Foughty1js
1158;PKIIndia
1159;meroestream
1160;TED
1161;shafiesharif1861
1162;globeofgood
1163;payrollsystembcaepss3501
1164;AngSystems
1165;Arbirage
1166;ferrarimalaysiaofficial
1167;iskandarinnovationhub5505
1168;Dr.BrettLangston
1169;PeteMatheson
1170;TechJoint
1171;DanieJay
1172;1Sober2Another
1173;StigmaFreeMentalHealthSociety
1174;cherrynaaag
1175;imuelearning1729
1176;lifescanvas-y5t
1177;excelinexams1056
1178;FOX10.News.
1179;MalaysiaIndicator
1180;ditjenkpaiikementerianperi8317
1181;SiemensKnowledgeHub
1182;EducationEstonia
1183;sicurezautomotivesolution-3878
1184;SomeOrdinaryGamers
1185;VergeScience
1186;AleshaAiman
1187;ColumbiaAsiaMalaysia
1188;manojkadian3
1189;homer-centerschooldistrict9067
1190;giulianawheaterrainbowkids6329
1191;miasa.malaysia
1192;ChannelsTelevision
1193;nikkimattocks8818
1194;IEUVicTas
1195;AARP
1196;MYMDEC
1197;DigitalNewsAsia
1198;FluctusOfficial
1199;GitLabUnfiltered
1200;DarthBoxy
1201;soyacincautv
1202;TechRx360
1203;ElectricalTechnologies
1204;jesstechnology-machinerepa429
1205;priorityprintservice3270
1206;BMW
1207;mirzaahmad2511
1208;AstritResearch
1209;monashmalaysia
1210;single2do694
1211;APArchive
1212;eArthSamvartaFoundation
1213;digitalbird9561
1214;JakeFerrin
1215;jramandus
1216;lg-my
1217;gseonlinesdnbhd-corporates4543
1218;justcars1631
1219;VehicleVirgins
1220;myRatchets
1221;youthequippedtosucceed
1222;StudentsCommissionCa
1223;amar-nirapotta
1224;Seeker
1225;mecapakistan2644
1226;thewritepath28
1227;ThePaganListener
1228;STEMCARITAS
1229;elisesertori5031
1230;billionmark
1231;ciyclubmalaysia2209
1232;HondaCanadaInc
1233;toyotausa
1234;zhileng6337
1235;TheMaker1
1236;whowpro
1237;infernoblogger
1238;additudemag
1239;Connect_Abroad
1240;TheProjectTV
1241;rebeccamosaad969
1242;rotary3300zoom
1243;voicesofhopenz
1244;MentalHealthAcademyIndia
1245;SpeakOut_UG
1246;ESKOFILMWORKS
1247;digifyafrica
1248;ChildrensNebraska
1249;youtubepidc8381
1250;TODAYonline
1251;NZPoliceRecruitment
1252;MaayaM_Studios
1253;natalie.kniese
1254;Lys_317
1255;sherilaida9391
1256;thanthitv
1257;iCONIC-oy5iq
1258;EntamizhNews
1259;SRB_NURULARINA
1260;TaylorsUniversityMY
1261;nabilsyahmie2113
1262;haikal-e9i
1263;CityNews
1264;unicefingeorgia
1265;ATLAS.ti_QDAsoftware
1266;4029news
1267;RadioTelevisyenMalaysia
1268;iqrtoolkit6565
1269;NashMG
1270;SENTIBEE101
1271;FahsaiOfficial
1272;airanorshaira7109
1273;kaviin1881
1274;vanithamagazineonline
1275;MaximsNewsNetwork
1276;simtamil
1277;aimanfoto
1278;ConnorRen-we6dl
1279;nuradila6180
1280;jiaqi2314
1281;jonathanhalim8612
1282;cyberreadimalaysiacampaign2102
1283;growingwithnaeem
1284;TAMILANTALKS
1285;schoolofeducationsoed5380
1286;rudychew3816
1287;FocusSpringfield
1288;nanjiang6368
1289;OJINLUI
1290;digimagicians
1291;khusyairiasyraf6286
1292;tuannurathirah56
1293;Shopee_MY
1294;BSNMalaysia
1295;camelliaanne818
1296;JSASetiaAlam
1297;zakierahman1513
1298;murniizzati8770
1299;hurrtv
1300;hafizuddinahmad2921
1301;alkhaademtv
1302;faid5883
1303;drlennoraputit3567
1304;nurizzatulnatasya
1305;mrgundala
1306;Zariflicious
1307;whitewingsfilms
1308;buatkitatermenung9224
1309;ArattaiMaram
1310;Aidawesome
1311;VRJayaraman
1312;farahanihanim4245
1313;MarmaSarithiram
1314;Ivyayayaya
1315;NorhidayahIsmail-rp2vw
1316;ssyarozi
1317;zhiwen8417
1318;fatinnnhalim8863
1319;AishahAmnina
1320;TalkyTalk_Studio
1321;nurulfarisya9946
1322;nuraida-tn7fj
1323;muhammadsyarifuddinbinshah2576
1324;internet.providers.nearme
1325;Samhhh12345
1326;hanifmuhammad232
1327;SairaHayati
1328;alihoussaini6714
1329;aininaatika1457
1330;rasyidahrhashemy8635
1331;hakimreddy641
1332;haitiangao3740
1333;kanishaguna5483
1334;random1y981
1335;dailynewsheadlines5475
1336;michelleadinda7685
1337;GlobalInsightinfinity
1338;TencentVideoShow
1339;luqmanshairul1014
1340;fatinnurfaqihahsuryawan7592
1341;anisahfitriah7200
1342;kaizenracing4980
1343;MalaysiaPolitikNews-i1f
1344;Bilik_Gelap_Official
1345;emceehudagafar1120
1346;SyaheraSofea
1347;MalaysiaKumarPodcast
1348;mohdkhairulfaisalhamzah2110
1349;florencechong6566
1350;jasmineloh8357
1351;HerdiYohe18
1352;farizaiman6175
1353;eimozzapperz
1354;aliahusna2434
1355;HUBScuola
1356;thineswaranmurugeswaran238
1357;muiz7551
1358;GlobalGibbon
1359;malaypolitics5624
1360;CBSSundayMorning
1361;WOODTV
1362;meijingng983
1363;PiKassoDraw
1364;MaoliMusic
1365;klikdenganbijak
1366;visionVFX
1367;Horangi99
1368;pedisungaipinang7770
1369;fathmawatyawang3881
1370;UnitIntegritiKPM
1371;TheAlieffIrfan
1372;amirafif3988
1373;aliafariza65
1374;GoogleMalaysia
1375;sangamitrastalkies4598
1376;MOFMalaysia19
1377;SuriaTV
1378;asmaidawani
1379;cbbc
1380;OasisMentalHealthApplications
1381;kgun9
1382;WSYXABC6
1383;newschannel5
1384;MyKampusRadioPodcasts
1385;umifarahchannel5700
1386;childline
1387;sueshantye89
1388;NORNOR-ng2bo
1389;UKMTubes
1390;adibfahmibinhalim2919
1391;faiqdanial9955
1392;serasot87
1393;williamandmary
1394;KCRA
1395;aunchannel5665
1396;izwankamal1976
1397;ISYRAQLUTFILLAHBINAZIZBG
1398;syakiralifsamsuddin1530
1399;myumcares
1400;ShuibChannel
1401;firdausfaiz6731
1402;jokermelayu
1403;arifanajuwa5983
1404;nuratikah6049
1405;mohammaddaniel4786
1406;WMUR
1407;CBS6Albany
1408;CBS
1409;CBC
1410;ResearchLDN
1411;WoohooStorytime
1412;pusatekonomidigitalpedikgb9857
1413;aishahfarhanim940
1414;Adamamir_
1415;PEDiMuziumTelegraf
1416;blueyestudio760
1417;angelinaembruce2638
1418;fatehahnajhan6911
1419;Zoolzarizi
1420;mcklweb
1421;abcactionnews
1422;WUSA9news
1423;ClickOnDetroitLocal4WDIV
1424;munirahmalik2106
1425;FoxNews
1426;SelenaGomezVEVO
1427;ABOGADANGBAYAN
1428;avengedsevenfold
1429;azie104
1430;chehasnizachenoh5799
1431;ohbulanofficialvideo
1432;NADIKgTelukBuluh
1433;RBT-SHAMILIAPSHANMUGAM
1434;Dayton247Now
1435;IELTSListeningAndVocabulary
1436;HarvardEducation
1437;BillieEilishVEVO
1438;mohdfaizmnoor
1439;psikologibelia990
1440;NADIPasirPanjang
1441;amirulhakimi6757
1442;MYNICBerhadOfficial
1443;unlearn_com
1444;WPRI
1445;cbsboston
1446;TheEllenShow
1447;hafizulhilmi1393
1448;summer8871
1449;fatinillani75
1450;cgmozart12
1451;sanggithachandrasegaran8644
1452;nurulakasyaabdulrazak6575
1453;CNN
1454;corporatesocialresponsibil7951
1455;WPTVnews
1456;Emily-jq6cs
1457;ninabohari1568
1458;jiamingh008
1459;japenphgtv3437
1460;sitinurulhusna3917
1461;aminahsolehah1787
1462;lawandcrimebodycam
1463;SuperiorWord
1464;%E0%AA%B8%E0%AA%A7%E0%AB%80%E0%AA%B8%E0%AA%BF%E0%AA%95%E0%AB%8B%E0%AA%A4%E0%AA%B0%E0%AA%A7%E0%AA%BE%E0%AA%AE%E0%AA%A6%E0%AB%87%E0%AA%A2%E0%AA%BE-%E0%AA%985%E0%AA%B9
1465;TKChannelEduTV
1466;jonatanecheverry1131
1467;jvjustin9556
1468;nowthisimpact
1469;raiseourvoiceaustralia
1470;JewishNewsOne
1471;PIX11News
1472;KababayanWeekly
1473;K24tv
1474;rnntv
1475;CBSNewYork
1476;pcvconline9373
1477;marrhaqie5079
1478;braniganrobertsonlaw
1479;NBCNews
1480;fighttips
1481;ummiemylizaputrianabintigazali
1482;afiqikhwanchannel8550
1483;haziqmursyidi8061
1484;exteel01able
1485;mimimaisarahbintiabdhalim30
1486;HappyLearningES
1487;DNAIndiaNews
1488;PowerCertAnimatedVideos
1489;gwendassel
1490;howcast
1491;mcitywrestling
1492;DryBarComedy
1493;WOMENgirls
1494;nationaljusticemuseum
1495;LikeNastyaofficial
1496;InsideEdition
1497;EndcyberbullyingOrg
1498;CrimestoppersUK
1499;MediacorpEntertainment
1500;hampdendistrictattorney4569
1501;OperationMaple
1502;TeenLineVideos
1503;gmapublicaffairs
1504;OxfordUnion
1505;TonyTheRebel-g1b
1506;legaleasetv
1507;PrehemHouse
1508;textify.stories
1509;px14news
1510;t809418
1511;princepublicschoolbudhviha909
1512;CrimeDocumentaryfiles
1513;huffpost
1514;lifeskill3340
1515;mrpancake4343
1516;CBSChicago
1517;numoay
1518;WtnhNews8
1519;StephanieSoo
1520;gmanews
1521;cbssacramento
1522;goldacomendador4667
1523;sashawilson1373
1524;Wcpo9
1525;SouthChinaMorningPost
1526;ISISMsia
1527;TehminaYasser
1528;tnxafrica
1529;TwistedTrueCindy
1530;RadiantLifeForge
1531;mhpnhshumss-11vjv50
1532;ScratchTeam
1533;tungfx1
1534;CBSDFW
1535;MrOhMyGodMario
1536;FOX2Detroit
1537;madebymortals
1538;Viddsee
1539;Lio_Convoy
1540;AustralianAppStore
1541;esportstvid
1542;QueenMaleahLynn
1543;EWilsonLife
1544;7edition135
1545;EleanorNeale
1546;nurfattahhhh
1547;ebbyrcyhell
1548;mohdnizarahmadpadzi1379
1549;deppie999
1550;amrisofri1538
1551;MrIdeaDohOfficial
1552;telegraph
1553;AccountAce
1554;Joyland-Animation
1555;MediacorpDrama
1556;norjamaeyah7970
1557;Bikini-Anime
1558;camelphat_music
1559;G7GANG-
1560;LeadIndialaw
1561;MAPOfficialMY
1562;safwatulynah6132
1563;mohamadhafizin8692
1564;aizansyafiq9415
1565;firdauskamisstudio1696
1566;aidanadhirah5785
1567;farisaiman177
1568;AXELDEMETRIUSUNGANANAKSTANLEYS
1569;seriqaliesaabdulkadirjaila7660
1570;embear1715
1571;vickybeechingvideos
1572;ThuyNguyen-gk7hm
1573;makkalda
1574;Samyapmarketing
1575;Liaahzz
1576;starnesssawan9234
1577;WordBox
1578;sebcoxfilms
1579;technicalharoon
1580;sashabraus9726
1581;wuliseewu1314
1582;frostii6524
1583;lehmanlawfirm
1584;chinjiaxing7731
1585;abdulhayyi269
1586;VitoAbella
1587;scsyachannel2593
1588;SidemenShorts
1589;sitikhatijahbintisapankpm-383
1590;tvpsssmkbjofficial6721
1591;NYSenate
1592;UKDPENGUCAPANAWAM
1593;dontvinfo7581
1594;NADITAMANBUKITINAI
1595;nursyahirahsuhaimi2190
1596;toiporsyafiq3762
1597;mediaulamak
1598;5thelement424
1599;trebuol
1600;chenchen9722
1601;digitalselvescrew
1602;antibullyandantiharassment7335
1603;schoolstuff2184
1604;CinePostmortem
1605;PrithiviTV
1606;adibwidzre5388
1607;CikguFarrida
1608;DubeyLoanCreditCardFinanceHelp
1609;winterzzaj4123
1610;TheNasiLemakPodcast
1611;mikebilly140
1612;PritamTamangvlog
1613;TLCurriculum
1614;zestre4
1615;simonleung5195
1616;bolaopadotun
1617;teachershen
1618;BullyBan
1619;muentertainmentph
1620;mollyecm92
1621;amiruliman5573
1622;smkkualaperlis88
1623;Sweetlovemelody
1624;afiqazfar4555
1625;PrimeCrimeSE
1626;nursyafiqanabila1636
1627;wendymanjarrez
1628;%E7%8C%AB%E7%9C%BC%E8%BF%BD%E5%89%A7
1629;remajaofficial
1630;skengblazerentertainment1358
1631;JusticeForPhoebe
1632;Qixiang-Animation
1633;AyushmanBhawa
1634;ActionMartialArtsMagazineTV
1635;BackpacksandStoriesPodcast
1636;unfpamalaysia7980
1637;ComputerScienceCentral
1638;AmyManHwa-p7t
1639;Mai-BrittAndersen
1640;batrisyiafatini5057
1641;malinikrishnan4295
1642;timahchannel7203
1643;azefarzaini9275
1644;mirininme8377
1645;japensarawak
1646;izzahinsyirah1210
1647;ShubhankarMandal
1648;safuraazman4129
1649;matvlog5948
1650;ikachen48
1651;mediaknight
1652;rollandallan1555
1653;idol_drama
1654;nyamarnyap
1655;%E7%8B%AC%E5%AE%A0%E5%89%A7%E5%9C%BA
1656;ZhuiYuXiuChang
1657;AEOnDemand
1658;shemaroomovies
1659;hanizainal2135
1660;sonnyboo
1661;Akimpoli
1662;fiqrahsijeuni7480
1663;nurulhafizahsapie18
1664;daffynaadryana972
1665;lucyanayusofmoe254
1666;eunicefoo3716
1667;kuekk4782
1668;rafik0105
1669;Conventuslaw
1670;kpwkmtv6512
1671;zairichannel
1672;onenews2046
1673;techplanettv936
1674;lgms5811
1675;onemosti
1676;SaluranBeritaRTM123
1677;khalafrazman6126
1678;AirtimesMy
1679;myTMgroup
1680;doshmalaysia1
1681;jabatandigitalums
1682;NextAnimationNews
1683;mohdzabriadiltalib8980
1684;IIMOS2021
1685;MalizaMah
1686;NurulAiniStudentsChannel
1687;whmstv4332
1688;informationsecurityandassu4763
1689;tcsglobal
1690;xxxCRIMSONxxx-ee9hf
1691;jabatanpeneranganwpkl7795
1692;nurulamirahabdrahman9281
1693;LowYokChin
1694;MelakaTV
1695;lescopaque
1696;masluifamily9695
1697;muhammadhafizzulbinazalikp3218
1698;BloombergQuicktake
1699;CurrentSphereMY
1700;morethanyanway5093
1701;tungbui2779
1702;PriaSeratusPersen
1703;imooofficial4487
1704;TVDIGITALPTI
1705;TwyAe-Malaysia
1706;UbahTV
1707;DagangnewsVideo
1708;sekuntumainacindy
1709;cikguewan7991
1710;DoniStudioOfficial
1711;_deduktif
1712;KandaChannell
1713;Ben10PEP-z3s
1714;CosmopolitanTN
1715;PERAKBN
1716;amzitsolutions7965
1717;robocarpoli
1718;EsriSouthAsia
1719;usimofficial
1720;aimanjamil2896
1721;iia-indonesia
1722;WiserMY
1723;RasyidiAlwee
1724;MyDigital_ID
1725;AkQAQ
1726;digitProMag
1727;thcsecuritydoor1744
1728;APHDChannel
1729;WanMuhdAli
1730;AliGajet
1731;FaktawChannel
1732;genhalilintar
1733;AZLIN_N9
1734;supermattsharing5338
1735;muhammadashrafbinhesan7821
1736;DirectLending
1737;%E6%B0%B4%E7%85%AE%E7%99%BD%E9%A5%AD
1738;MBAMALAYSIABUSINESSAWARD
1739;CharlesDuante
1740;MECARNIK
1741;TENAGAofficial
1742;MelanieGuintu
1743;CikguLo1
1744;TekanHabis
1745;RettaPramesti
1746;sharaismailconsultancy
1747;cikguhassan
1748;ZhairulShaqiz
1749;IKAWULANDARICHANNEL
1750;rhnrslll._
1751;DidikTV
1752;dermawanfarhan2899
1753;evionachristy6890
1754;bpjeyaytc
1755;AliGajetEnglish
1756;Decor_Art
1757;armanyunos77
1758;auto_exclusive
1759;oldwatchma
1760;aimanqarafi5062
1761;NationalMarker
1762;DESTINASITV
1763;BestDoc
1764;ainuxs
1765;NonstopEurotrip
1766;ASYIFARAHMADINI
1767;AUTOTVO
1768;datolokmanadam
1769;pusatinternetkg.serusuptua3531
1770;AIESYAHTV
1771;DrawingWithMrBeni
1772;nurkhadilah4408
1773;limjingyuan3331
1774;pizahzailani9807
1775;khanfariessal-haqiem334
1776;fazihahsakinah7754
1777;Paanopie
1778;JunTingLee
1779;sonorafm92
1780;oyamuhd
1781;nurrumaishya1196
1782;PustakaSarawak
1783;CyberAcademyID
1784;animasibiyani
1785;realmemeyjasmine
1786;cikgumurni24
1787;AbdiSuardin
1788;FanilaChannel
1789;shahlan2129
1790;akmlbb8453
1791;nureiyffahreiyffah6777
1792;natasyamohdzulkhairi6068
1793;massolehabintiawangrajika2518
1794;fahmiez1862
1795;victoriazinserling2335
1796;jenniz33
1797;brianpeterascroft496
1798;badansiberdansandinegara_ri
1799;syafizasurani
1800;OVISUIchannel
1801;sosmedmasterofficial
1802;angelakwoo
1803;ampocell
1804;amarluvlai
1805;CutAngginiSaragi
1806;halomasdidit
1807;samuelpetrin5076
1808;liquidfuture1096
1809;taylorrobinmedia2871
1810;gendatsgirls8513
1811;pusatinternetkgbalok2223
1812;mohdhasnizansulong4186
1813;ruliananovitasapan6549
1814;fazryanaizatiff1320
1815;miminur3137
1816;wten5465
1817;camillastrandberg7578
1818;honeybea69
1819;Unknown
1820;mfstudio530
1821;Siberkreasi
1822;DigilogicVisual
1823;IQROPedia2020
1824;juwanitara
1825;titasvengers8215
1826;LearningdotcomK12
1827;rosnani8363
1828;ridwanfikri1533
1829;haririhakimi5188
1830;nazadharifqinr1913
1831;NYULangoneHealth
1832;ayeshasofealovelyy1745
1833;nurharinabintikamaruzamanm2323
1834;dpr1a_etikadanperadaban602
1835;valentinaT
1836;nextepisodechannel7992
1837;fatinnadiaa4223
1838;amlinrsdi6293
1839;OfficialiNews
1840;wtajnews3478
1841;kamalulabrar1998
1842;syazwanihusna9200
1843;dinaaulia5347
1844;aqeefchannel
1845;CNBC_ID
1846;DramaZone_2
1847;sawastylepsstv3401
1848;naiemnoordin
1849;Alodokter_id
1850;rizalramli4508
1851;sosialmediaonly
1852;hafidzwolo5399
1853;cute_girl06
1854;sharondenys8211
1855;cybersafe8438
1856;EduwebTVkpm
1857;ingatangajah
1858;CeceliaCheah
1859;liasukma3993
1860;maziahliyanamohamed6268
1861;izzahathirahizamudin4695
1862;siskasari713
1863;chanelhaikal2349
1864;nurnazihah0412
1865;nuramiramohdzaidi7469
1866;bernardmarr
1867;psikologiD-y3p
1868;teropongcyber
1869;wawangans3533
1870;ummiaida2778
1871;astromeletop
1872;weizhenggoh8271
1873;PrakashChristiansen
1874;TheMrRayShow
1875;gurugembul
1876;mohdakhyar725
1877;MayoClinic
1878;KSBW
1879;NEWSKYTVSHOW
1880;ritaaprilia1152
1881;sitinurhaliza727
1882;joelgregory2701
1883;DeenStudios
1884;vira_ayu492
1885;labinspirasi
1886;UstazAizil
1887;Jeremy.isJeremy
1888;offeringb179
1889;WXII
1890;truthzreveald5081
1891;asryymuhammad2075
1892;ExcelsiorMex
1893;univision
1894;sekolahkebangsaansgtuabaha9200
1895;sweetmemorystore1181
1896;yiber8597
1897;ChannelDewasa67
1898;Psicologiatamb%C3%A9m%C3%A9ci%C3%AAncia
1899;cikguaidamurhazan8118
1900;cikrashomemade987
1901;%E8%BF%BD%E5%89%A7%E5%A5%B3%E5%AD%A9%E8%81%94%E7%9B%9F
1902;bramirawan2394
1903;neverenoughdrama
1904;TheBuzzingBee
1905;izzdani8692
1906;MajalahBobo
1907;Isyafikanasir
1908;GrimsyandPete
1909;azmimdsaid87
1910;RedaksiBaliOnline
1911;estetikaprl5098
1912;rajarina3285
1913;herokomunitidpih4d289
1914;ashsapphire8423
1915;NetflixIndonesia
1916;dakwatkekunci966
1917;aisyahaziz93
1918;ChekguLK
1919;pbsshouttvet4492
1920;BrownUniversityHealth
1921;majalahlabur
1922;ashlife2067
1923;anysfadzlyn
1924;nursabrinahilmy7089
1925;loopholeacademy1292
1926;Zakirin
1927;khalidbasalamah
1928;dradamzubir
1929;nurhafizabdrazak5586
1930;knadine8824
1931;DitjenPAUDDikdasmen
1932;ilmooshee
1933;JODIERYANSYAHOFFICIALl11
1934;AmBankTV
1935;CBS17
1936;SuaraKeadilanOfficial
1937;malaysiansoftwaretestingboard
1938;ABCNews
1939;EnricosOfficial
1940;abcnewsaustralia
1941;thefresnobee
1942;EnlightiumAcademy
1943;Brutal_TV
1944;BrodaShaggi
1945;VirginMediaNewsYT
1946;edifier_malaysia
1947;60minutes
1948;TheSmartLocal
1949;Forbes
1950;PrensPrays_19
1951;mysdgacademy
1952;kamaliairdina6740
1953;malissamadray2320
1954;Tamil_Murasu
1955;Nicsiasacademy
1956;robstixstudio
1957;ishanllb
1958;PradeepRanganathanchannel
1959;Izzy_bloom77
1960;SYOKChannel
1961;maheshmindvoice
1962;Konyangtv
1963;SurfsharkAcademy
1964;kookielit
1965;tencent_thenext
1966;WaniKayrieTV
1967;GreenPartyofMalaysia
1968;TheThaiger
1969;GenFunOfficial
1970;manhassetbroadcast
1971;ddchronicle
1972;Melakaexplorer
1973;astignursevlogs6404
1974;ncdrcupsi65
1975;RJL5-FAJARADITYA
1976;SIKStudio
1977;NewsCentralAfrica
1978;EddieLowXScience
1979;kualaselangorrainbowvillag442
1980;sabrinaamin5076
1981;ONeillPublicSchool
1982;CPDPhils
1983;CybercrimeRadio
1984;nursuhaila6319
1985;SmartKidsIndonesiaTV
1986;RiskCaseStudies
1987;fbored2251
1988;nickefan3547
1989;wanieyyazam
1990;mindfulness_journey
1991;zbstudio
1992;layarkaca21.
1993;tvbstalk
1994;Mansistudychannel
1995;fizzazam2194
1996;AimanHakim_10
1997;OurSabahToday
1998;story-explained
1999;Bubbly.09
2000;nabilakhairunnisa3692
2001;sitisarahmellissadaniallim
2002;juancarlodavid5717
2003;JajaAbdullah99
2004;MEEZANTV396
2005;PersonalFinanceTVofficial
2006;SukinthanReport
2007;katongpungcerita3017
2008;nambikkaionline
2009;thevibesnews
2010;Kamal_in_uk
2011;HighSchool_my
2012;asbongotech
2013;darkstories3.0
2014;jeslynlee2747
2015;cloudyzees
2016;NazifaIrdina-ds9el
2017;AngelineSamuelRubian
2018;moganrajvillavan
2019;SKPGLOBALSTUDIO
2020;crafteholic
2021;impress_org
2022;SatuPersenIndonesianLifeschool
2023;pk-siberupnm9906
2024;KementerianKesihatanMalaysia
2025;NCSMalaysia
2026;Mr.TScholarshipsChannel
2027;inspirasiMY
2028;aibcworld
2029;MilkenInstitute
2030;casandrahuang7074
2031;govsg
2032;sembanglegal
2033;globalinfoskillssdn.bhd.8696
2034;rehack
2035;direi1128
2036;Passionation
2037;CNNindonesiaOfficial
2038;ElcihlniMiseJolius
2039;iQIYICDrama
2040;NORZALINAWATIBINTIZAINIPOLISAS
2041;tvbsenglish
2042;alsausim
2043;NURALISABALQISMOHDAMRUL
2044;geronimotv2060
2045;nazreenkeyee
2046;hafizirasidi4531
2047;NastaAlvik
2048;iQIYIVariety
2049;DigitalOutdoorAdvertising
2050;nurhidayatibaharudin5911
2051;Knowledgebd.
2052;benfishermin
2053;PEDiPeket100
2054;perjasachannel
2055;shantneenaidu7910
2056;ajiqbejali6706
2057;hafiz_3030
2058;KLBroadcastTv
2059;pmrkemaman3070
2060;GlobalMusik_ID
2061;fadziljaafarchannel6628
2062;aziahrahman
2063;Monsta
2064;nurfarahnajwamohdtakri
2065;didiandfriendsmalaysia
2066;nagachakravarthula9267
2067;ILPKUALALANGAT
2068;fauziahmahat6785
2069;dausdk
2070;ichangrm
2071;malaysianewstv
2072;vuhuy1964
2073;infomediatvnetwork
2074;farfar8582
2075;SHUKRISAHAMGLOBAL
2076;IZZATIAINAALIAHBINTIAHMADSAHAR
2077;mattperodua6134
2078;aswamifadillah
2079;BazliChannel
2080;sazrinshare
2081;MalaysiaBangkitCom
2082;rtbnews
2083;UKASCHANNEL
2084;faridahhanna2343
2085;touchngoewallet8576
2086;IChemE
2087;manajementi9719
2088;balwindersinghsohi
2089;prodiapugk1315
2090;HafizFirdausBinAbdullah
2091;rtikkaltim97
2092;CikguAinul
2093;dzikirkita5145
2094;BISAAI
2095;dkiskotacirebon
2096;topperguild
2097;cikgupijatajudin
2098;MysumberOfficial
2099;malaysiangpsdataprovider4340
2100;tgal2396
2101;Malaysia.MADANI
2102;PemburuDollar99
2103;doyouma1
2104;edward.mstudio8341
2105;vikramvlog1492
2106;MEDIAALKIFAYAH
2107;raihanzamani3201
2108;durianmerah8420
2109;ubkmelawatians3036
2110;ubkacsmedia7241
2111;logathasan6465
2112;SUNWAYERSTVPSS
2113;ummunurdania6419
2114;CikguRosma
2115;ShahFazley
2116;apvinsti
2117;yongketwui9754
2118;majoritiofficial984
2119;inixjogja
2120;Heris_Zai_Official
2121;NADITamanIntanJaya1
2122;sulamfkpm1220
2123;tashwhinny6441
2124;faktaguru
2125;effectivecommunication6224
2126;niknorfarhanibtnikismail4662
2127;tanjiaqi8110
2128;EducTeviUPM
2129;nurazwadaud8799
2130;muhdakbar6545
2131;pi1msungaibayor34
2132;annissyafiqah7689
2133;RiriCeritaAnakInteraktif
2134;elcmediamalaysia
2135;kelabmultimediauum7576
2136;ClubJamesStudios
2137;TV.IKRAMofficial
2138;farhanhakimi6848
2139;secureid2675
2140;OfficialNETNews
2141;syafiraramli_
2142;Sandika_Rhamadona
2143;mrbert
2144;MuseumSandiBSSN
2145;adityafauzi5791
2146;AimanPsikologi
2147;pandusatioaji6432
2148;anaqeizakwan4083
2149;dakboychannel2054
2150;suratnybintiibrahimkpm-gur4360
2151;muhamadafiqaiminmuhamadniz6845
2152;andrueyespiritu9616
2153;jennylau4682
2154;LEY93kajang
2155;animasismekdasurabaya1091
2156;mohamadizzuddin7598
2157;hithertochannel1357
2158;ekahunter8366
2159;norfazlinda6078
2160;fidahKadir
2161;divaviral3100
2162;suryaraharja5075
2163;kennysusantoo
2164;enricotto
2165;satya.maharani
2166;KrizzGuy20
2167;sabillaannisa6513
2168;psikologii1994
2169;%E5%B0%8F%E9%AD%9A%E6%92%A9%E5%8A%87
2170;darwisart
2171;mashanummasduki5285
2172;iv4n880
2173;CindyMalouin
2174;FreshMovieOfficial
2175;ninecommunity-h9y
2176;GoodDrama...
2177;UpdateInsightt
2178;esthermira1578
2179;NOBAR
2180;NewRockstars
2181;lyanawaris1085
2182;zaimiebintizainalabidinkpm3995
2183;malaysiatribune-news
2184;theannajm
2185;YellowJacketVideos
2186;fox2stlouis
2187;SFUPublicSquare
2188;Jinnyboy
2189;dailymirror
2190;CBSMornings
2191;collinsinfosec
2192;vipproductionipoh3345
2193;shahwalaidil3451
2194;MKNSarawak
2195;jitaselang6240
2196;liputan6_news
2197;adamhaikal4463
2198;norazilakhalid
2199;local12WKRC
2200;prdfilmproductionevents3699
2201;VICENews
2202;AtomicAcademia
2203;starintech
2204;SkyNews
2205;santai513
2206;zzcleff
2207;bkdomsav1911
2208;King_Goh
2209;michaellum2987
2210;haziqahismail3367
2211;Merry-Riana
2212;KompasTVPontianak
2213;CikguNasa
2214;ppwnkelantan491
2215;lianazamri9415
2216;syhafizs7968
2217;basicbroadcastingclass2597
2218;sitizakiah618
2219;aramin3807
2220;PolarisNorthernStarLily
2221;absurdproduction2018
2222;talktoyoulaterpodcast
2223;WatchDataVerified
2224;emailrakyat
2225;scholastic
2226;tpn-sm5pd
2227;MrNesh92
2228;adiyatuliyanaroslan2685
2229;todorow5383
2230;PortalVIVAcoid
2231;tvpsssembaka1670
2232;shyikinismail2213
2233;punithen
2234;KompasTVDewata
2235;merdekadotcom
2236;siskaekasyafitri
2237;TribunnewsSurya
2238;kadetpolisjempol2605
2239;anishazwanieyazman9867
2240;amelia_wijaya
2241;denisasalsabila4908
2242;amiruladli638
2243;IBMTechnology
2244;shoyoxie2613
2245;Sandysosial
2246;astikareny
2247;igtmalaysia6291
2248;muhammadamirul9633
2249;mikopong6395
2250;huawei
2251;joshreeakmadan8372
2252;CelcomChannel
2253;UNICEFSouthAfrica
2254;khristineshayne
2255;avantinagral
2256;poppycooks
2257;PhoneRepairGuru
2258;oshaonlinecenter
2259;NividaManicks
2260;doerDo
2261;desanarts
2262;USARugby
2263;LexusMalaysia
2264;AustrianOfficial
2265;agmogroup
2266;idealsafeboxmalaysiaworld1559
2267;Clzi
2268;offshoreinasia
2269;jagadeeshpark
2270;idealsafeboxmalaysiaworld6825
2271;securitydoor
2272;nanceemisra
2273;aptadvantage
2274;OPITOYoutube
2275;WesternDigitalCorporation
2276;MinnesotaAirsoft
2277;Hotelseeing
2278;alwingc
2279;smartlittlemomo9483
2280;farhadofficial9815
2281;secretlocker3406
2282;techsaltants4322
2283;johnnyringer
2284;WHATSINSIDEFAMILY
2285;CIMBGroupHoldingsBhd
2286;Joni_Tour_Guide
2287;SavingsBuddies
2288;galaxygaming5397
2289;mamunrana3629
2290;honfunping9842
2291;updates.airlinenews
2292;beebomco
2293;WATFYMedia
2294;BMWUSA
2295;Honda
2296;themoderndoor7487
2297;HonestMalaysianReviews
2298;acrossshoes7130
2299;mstsasia
2300;jawaadsheikh
2301;GDFforensics
2302;TechDataAPJ
2303;visadb
2304;RCPlastoTanksAndPipesPvtLtd
2305;endang6432
2306;anuwithlove
2307;masterchrisleong
2308;theapmediaman
2309;MrwhosethebossPlus
2310;ichibandiy
2311;HeriotWattUniversityMalaysia
2312;boyy6162
2313;CityUMalaysiaOfficial
2314;themacquarieuniversitycomm6129
2315;prevodesignxinnovation6243
2316;YoungUmar
2317;mytmstv9333
2318;sconeeliew1439
2319;newsviews9386
2320;skyschoolonline2202
2321;DoverCourtInternationalSchool
2322;ftfmarket-onlinestore-ukon5095
2323;breakthroughtv
2324;kaydain4478
2325;Velujazzofficial
2326;thebestgeeks
2327;bablusingh863
2328;todrickhall
2329;Aviation-v3m
2330;mikeinel
2331;Rv-Tech600
2332;carandyou8637
2333;Safetyvideos
2334;realpars
2335;ShafferN
2336;motorfuture2025
2337;kcalnews
2338;KPRC2Click2Houston
2339;AriaKpopFanatics
2340;NLWMotivationalTherapy
2341;dazgames
2342;Channel4News
2343;wlcstv
2344;wwlp
2345;tadikkivilunthatakkalisoor6447
2346;abscbnentertainment
2347;LasVegasDefenseGroup
2348;SekolahCikalOfficialYT
2349;humangrowthfoundation5114
2350;dailymail
2351;operationparent
2352;sitibalqis9334
2353;SaperLawVideos
2354;DeSmetBo
2355;Skeppy
2356;DWDocumentary
2357;digimusicstudio
2358;glitteredstardust6116
2359;josephtterryproductions5413
2360;energizestudentsorg
2361;tineshsjktpcs7809
2362;StorytimeHavenOfficial
2363;MolangCartoon
2364;CAMMACfilms
2365;MegasVargan
2366;BRMDevotional
2367;lifederenglish
2368;Serbonika
2369;%E5%A5%B6%E6%B2%B9%E7%9F%AD%E5%89%A7%E7%A4%BE-g2f
2370;arttvcomtr
2371;YOUKUEnglishAnimation-EN
2372;%E6%AD%A1%E6%AD%A1%E6%84%9B%E8%BF%BD%E5%8A%87
2373;RahulBambale
2374;jesenjasonata
2375;SYGZ-fm1qr
2376;cybernews
2377;CDramaFamily2022
2378;RevengeMovie888
2379;Coconut_drama
2380;GreatDramaBase
2381;lovinDrama
2382;uberhackernet
2383;wukongduanju
2384;JuCoolDrama
2385;AhoradeCuentos
2386;cooltv8094
2387;MangZhongDrama
2388;BubblesDramaTV
2389;AnimeBox666
2390;SweetCandy-DramaClub
2391;DjAvogadro
2392;sabbyandsophia
2393;Qimanjian
2394;QuarticelementAnime-ku4xp
2395;sunnydaydrama
2396;bikanshuangju
2397;FawnTheater
2398;%E7%86%B1%E6%92%AD%E5%96%B5-Meow
2399;zhuijumengzhu123
2400;BullyingNoWay-ls7je
2401;%E7%83%AD%E5%89%A7%E8%BF%BD%E6%8D%A7
2402;TiOrange-w1q
2403;setn
2404;RTVojvodine
2405;DearSir
2406;HIRTVvideok
2407;typito
2408;artbykeshavlalvora
2409;MZdsj6-e4w
2410;BubblesC-Drama
2411;SweetsDramaTV
2412;practCALLIyt
2413;ShowbizPhilippines
2414;12NewsAZ
2415;basildonyouthcouncil6928
2416;IULITM
2417;3KeyElements
2418;ClassicDetectiveMysteries
2419;talanoawithdr.t4581
2420;Frightstories
2421;IsaacRaiBibleVideosChannel
2422;Channel4Entertainment
2423;abciview
2424;malaysianinstituteofmanage6006
2425;valarmathielango8764
2426;CTVComedy
2427;vikarworld
2428;MEMonitor
2429;ASIACENTRE
2430;AfterschoolMalaysia
2431;Nizam_Ismail
2432;mc2lifestyle322
2433;airasiafoundation
2434;NewsCorpAustraliaVideo
2435;forid_uddin_21
2436;Syamsuldebattv
2437;shafizan.shahrudin
2438;dsbuddy-official
2439;Theparadoxstudio
2440;IIUMfm
2441;DOUGTVSPORTS
2442;teambuonopane2332
2443;HarimauMalayaOfficial
2444;nfArifan
2445;RtvNews
2446;xmum_genzee2728
2447;nuvistamedia
2448;ashwinisuraze4680
2449;YourLocalXylon
2450;RedLianaK
2451;Krqenews13
2452;thejoe-king5057
2453;itsfeeza9352
2454;natashaelenadavid
2455;DayiniHarizal
2456;fepejustin6664
2457;areweokbymmtv
2458;farhandroidchannel9153
2459;mrmanlyman32
2460;japanclubuniversitimalaysi6753
2461;miroshaamoorthy2416
2462;dewihiuiskandarhiu4135
2463;WanistaMY
2464;sitihatijah5333
2465;enciksuhaimi9220
2466;brighthoward2558
2467;fadlinadlina4733
2468;mYmAchannel
2469;aziz5695
2470;nurulsaadahmohammadnor7801
2471;janekoay6560
2472;arshadshad7102
2473;erniesyarina9685
2474;tangwooisuen9855
2475;TechouzStudios
2476;ingenious5998
2477;wanfahmi373
2478;aamediamalaya
2479;aisyahamirah4481
2480;rasydadiba2610
2481;yolanemalaysia1254
2482;TalentWinsMalaysia
2483;afxq12
2484;KualaLumpur2017
2485;pi1mayerhitam846
2486;mredz5215
2487;meer2
2488;literaturecolasula9918
2489;sekrumproduction7310
2490;stenormoustelly8607
2491;TeknologiPopuler
2492;wank5973
2493;danaradiputra1199
2494;muhammadadnanhairulothman2617
2495;nihongomantappu
2496;atonruslim9590
2497;Mezonzzz
2498;hassansghayyar1270
2499;BYU
2500;rights4women943
2501;davidmarshel3607
2502;TechnoFormation
2503;muhammadhanifzaidi4866
2504;TheTalkSquad
2505;TheCR8Vview
2506;jennabass4536
2507;hosephnmoonchshow9426
2508;CrimesAnatomy
2509;GEOGRAPHYCOACHINGCENTRE
2510;ironbloodeddrama
2511;StorytellingMask
2512;Sipcomedy6870
2513;WSMV4
2514;invictaforkids
2515;mrwiseventure
2516;nexusmalaysia
2517;pcsecuritychannel
2518;belajarilmutumbuhan5708
2519;GroupDevelopmentPakistan
2520;arivera9448
2521;PureSquarecom
2522;WondershareFamiSafe
2523;larosaradenp.1565
2524;heisterkamp2000
2525;mSpy
2526;promisingparentingpractice4211
2527;DeleteCyberbullying1
2528;KuliahOnline1
2529;TheEyeNetwork_Canes
2530;KARATEbyJesse
2531;TechwithJono
2532;CTIATheWirelessAssoc
2533;CyberFareedah
2534;melisaharahap
2535;Forward-edgeNet
2536;Stand4kind1
2537;learnxplore9177
2538;AmalanTerbaikICT
2539;TexasSchoolSafetyCenter
2540;Cikguundang-undang
2541;IncsightMc247
2542;shareeducationteam686
2543;Agussalim-hw3bl
2544;eschoolnews
2545;MUHAMMADAZREENBINABDULMALEK
2546;TilikBilikOfficial
2547;rinqin
2548;TVTerlajakLaris
2549;alondrazavala7017
2550;iKeyMonitorParentalControlApp
2551;clairethom1
2552;Sedgrid
2553;georgengys
2554;crissaarrofodahunan4641
2555;SearcylawFirm
2556;GNATaccess
2557;AntiBullyingAssn
2558;FunnyAndUseful97
2559;engageesafety9040
2560;nationalpta
2561;ROGERStvofficial
2562;teenesteemca5984
2563;tompkinscountyny496
2564;CenterforDigitalEquity
2565;EdmontonPoliceService
2566;SenatorKirk
2567;McGruffSafeGuard
2568;stopcyberbullying131
2569;clairecarrasco1967
2570;youthchg
2571;TeKarereTVNZ
2572;AlainStevens
2573;LearfieldInteraction
2574;mr.dannyssupers8767
2575;parryaftab
2576;pittcyber1660
2577;cybered8223
2578;top5tips254
2579;PinellasCountySchoolsvideos
2580;wynedls9953
2581;AARPAnswers
2582;janabernethy
2583;learnandleadchannel
2584;quickheal
2585;CBS42
2586;umobix9676
2587;jamaicamanaois760
2588;traceymaxfield483
2589;jfsdelaware7910
2590;FriendlyScreens
2591;MeganParken
2592;YouShouldKnowGetInformed
2593;katiegray8796
2594;philibertyt2844
2595;schoolatoz
2596;KVIAnews
2597;harryditablan4482
2598;FYfreelib
2599;Campusimpactusa
2600;90dayguru
2601;crissifrancis
2602;johnhumphrey9079
2603;TheSimplifierChannel
2604;mrfunnyhaha100
2605;FirstNewsFN
2606;fox4nownews
2607;sorayakazmy7340
2608;ThirteenWNET
2609;kendrickleong9190
2610;ainazulkarnain8973
2611;WION
2612;melissaculver800
2613;PauldingSheriff
2614;NCS4-USM
2615;juliekenny7897
2616;ariepramudya7159
2617;sistempengurusanstoronline7327
2618;BearPawLegal
2619;LasVegasMetropolitanPolice
2620;BCS1957
2621;miattygen
2622;Digit
2623;WMBDNews
2624;NewsChannel312
2625;KETK
2626;AntiBullyingAlliance
2627;WPLGLocal10
2628;afrotoonzarchive4098
2629;restiani1091
2630;draeger
2631;adrianamedina9934
2632;danielevans7917
2633;digitalsafety6932
2634;faizalhermiansyaheightcode
2635;ednalynlositano8635
2636;pembiayaanislamik
2637;ppyn1825
2638;BeStrongGlobal
2639;Sumogirl1
2640;mikemalachy
2641;mydatapath
2642;timmcivor3504
2643;bullyingguy
2644;ryangolf1232
2645;sabam161
2646;nusamandiri7554
2647;stevenburton658
2648;SmartNationSingapore
2649;GoogleIndonesia
2650;inclusionspace9708
2651;ANIQDANIALKHAIRANIBINGASPAL
2652;idaroyanis.pd.i7414
2653;csrindia8763
2654;ankekewinrihasan2534
2655;NIHMalaysia
2656;kicknewstoday1
2657;rtleblan
2658;belvafitriyah5287
2659;akhmadakbarharmila6093
2660;ElmhurstTV
2661;petrajames4408
2662;gilartantra3100
2663;EzraLevant
2664;ERICFADLICANDRASAPUTRA
2665;vickyantozhang4002
2666;putuagussumertayasa4099
2667;m.luthfikamil_fmipa3551
2668;fitriakmaliatunnisa3412
2669;padliafriantini9759
2670;BOSGUNZ
2671;jigmet77
2672;rtigachanel7317
2673;marimspddef8582
2674;user-ys5vr4hw4f
2675;ekaistihhariyani891
2676;ihsanabdulrazak3167
2677;rinamaulida9168
2678;sdnkalijurang01
2679;noviratmo1590
2680;ariejayawgn
2681;gurudaryo1533
2682;yogaraksaamjad6012
2683;rakuyo888
2684;gabriellaivysigarlaki4122
2685;SDN1Sumberpinang
2686;hemiganteng1684
2687;juliadri4242
2688;UniversityofGeomatikaMalaysia
2689;ilikeme4885
2690;dwiputricahyati9460
2691;zamrohnatulmusyarrofah4679
2692;NisaAuliya-tm6uj
2693;administrasipublikhangtuah2023
2694;mhafizcaesar-209
2695;pendiatphofficial1130
2696;TVPSS_SJKC_KimSen
2697;qistinaawardina
2698;wirmasusantimahtarhams3008
2699;sisternetidofficial9526
2700;ahmadkamalsudrajat6441
2701;farreldanendra7611
2702;studentkkkla6112
2703;GeTriRumahProduksi
2704;amrullahakbar
2705;mediabelajarinunghidayati
2706;san7025
2707;syurawastim6735
2708;rahimahkhairani488
2709;coresafetygroup_
2710;jbchannel9104
2711;ArdyWibowo
2712;fundacionrdelpino
2713;kkninformatika8605
2714;LiterasiDigitalSumatera1
2715;ratihratumanan6541
2716;JaPenTerengganu
2717;nurulf2978
2718;ivooskiano5480
2719;jemogheict7611
2720;digitalsafetysmartsolution5529
2721;MUVAMalaysiaOfficial
2722;literasidigitalkalimantan428
2723;ma.gracesanosa-docallos2207
2724;mirawulandari9181
2725;rahitadyah504
2726;dheaannisalupitasari605
2727;banksoalkejarcita3242
2728;Eltuco_Saka
2729;mutiadwiaritadeli
2730;gurucantik
2731;rahmadina927
2732;Aayuardelia
2733;shintayolandi8287
2734;sunartisinaga4434
2735;utpconnect4891
2736;DiskominfosBali
2737;TransformasiDigital36
2738;BarclaysUK
2739;widicandikapakaya2370
2740;riritriwahyuni3184
2741;Aksafest
2742;yogiashari9818
2743;elisrizkiyah
2744;f5_septiandwireformansyah235
2745;Sarirasida26
2746;Budidayatanamanperkebunan2023P
2747;institutsosialmalaysia
2748;lachowskichico3
2749;BenLeichtling
2750;courtneybojarski9877
2751;iwang5649
2752;sarahdiva1918
2753;rismamurwanti3808
2754;arnatiawulansari2176
2755;MeiFanah
2756;fransiscaovielia2101
2757;NaluriMalaysia
2758;QuickLearnAIMakesYouSmarte-f7q
2759;putrimaharani9646
2760;yayasansejiwa
2761;SyafriArifuddinMasser
2762;LiterasiDigitalMalukuPap-eq9nr
2763;EngineeringClass-ss2vn
2764;MahmudIbrahimJarullah-n4m
2765;cosheunimap
2766;sdn2sukasari_banjarsari
2767;amiraldiamiraldi5877
2768;muhammadabiakbar6691
2769;05.bellanoviaramadhani19
2770;doddy_ty
2771;ekadewiutari3886
2772;mohammadfarhan983
2773;luksilaiwoi639
2774;AfiefEp
2775;paulinaskolastika9349
2776;dk_channel31
2777;PuspenTNI
2778;UNICEFBolivia
2779;AntiAdam-e8e
2780;tirtaoke-cv9xr
2781;NazilTheCreativeFlow
2782;ScientificPIPA124
2783;OnnoCenter
2784;01.anwarferlispinem96
2785;rafiramadhan123
2786;armynaini
2787;NDAYFarm
2788;nebulanitsolutions2126
2789;delfarel1965
2790;SABOJWATV
2791;_BKB_GinaRahma
2792;GreenNetworkAsia
2793;istilaila-xt2ng
2794;kadekberlianadipranatha3421
2795;susiaulfa8337
2796;mahdeliaalyaa9113
2797;aldiwahyudiansyah7704
2798;andrewhalim1314
2799;trivinalenny5331
2800;dev_v.s
2801;fauzilhasdi7350
2802;BOBYIRWANTO
2803;SalimSuharis
2804;KLMEDIANetwork
2805;ninoekaputra1277
2806;ilmuakhirzaman4665
2807;novaldorahmadana.p6756
2808;RisnaliyahNuriilTadersi
2809;selinavani
2810;nisrinatiaraadinda4021
2811;PutriAgustin-b7r
2812;studioaha
2813;misianawindairianti5207
2814;ryeinaldohalim9817
2815;muhammadridwanmusyaffa9843
2816;muhammadjabar1745
2817;IlhamRendizzaRaya_UNNES
2818;soshumonesman1indralaya
2819;adeliasheila4440
2820;rolandoadhytia7364
2821;ministeriotic
2822;okitri3593
2823;ayundakusumawardani966
2824;dirasavira7589
2825;dwinadiasekarwulan
2826;saraswatysuriha959
2827;lilismardiana1900
2828;SULTHANRN06
2829;r.taraibu5399
2830;PAI1F
2831;firlynurtakbirani_
2832;RifqiEkaSaputraa
2833;ke_na_r
2834;maylaalfaedah6932
2835;dibimbingid
2836;devitasari5227
2837;nizmahhmuzz
2838;rahmaindiaunillah
2839;Recordtheworld%E7%BA%AA%E5%BD%95%E4%B8%96%E7%95%8C
2840;lenterasiber156
2841;ratuinzm
2842;nurohnahla8831
2843;ExiL-i1d
2844;anggunsepti8945
2845;atrbpnkabblitar395
2846;suhaidahwinsyiam8400
2847;phangwillie6154
2848;muhammadarifhadiyanto9873
2849;putriinriantari
2850;juliadevitaputri452
2851;dekrectsia1637
2852;sitinarhazirah3676
2853;suryadewi1510
2854;AgnestyaSarahMarcelianti
2855;CerdasBermedia
2856;yourtime.
2857;1_aidahilma43
2858;dr.rubysalleh5194
2859;direktoratsma
2860;mikoo.animation
2861;ampuanmmahadhir1699
2862;prasetyaramadhan
2863;mugenmalaysia6983
2864;JAJANRANGER
2865;LenteraMalam
2866;1.tppuiiaabdulrahman734
2867;khulaifyrhiza
2868;gemadigitaltvmelaka3020
2869;literasidigital_id
2870;cacae.supriana6824
2871;FAROTechnologiesIncLakeMary
2872;tarmizi9623
2873;ghassanicarisa2694
2874;titiwahyuni1254
2875;sendhykrisnasari
2876;ConversationIDN
2877;afrildadepari5355
2878;yonirakainfantri9531
2879;pesilatmuda
2880;nayaaurani
2881;rssantoantoniobaturaja2133
2882;ifansiregarproduction1665
2883;indahfajarrosalina3777
2884;eradotje
2885;shabrinaayuardini796
2886;razizchannel8813
2887;DuniaTambangKita1
2888;masndeso1717
2889;Serambinewsdotcom
2890;TenteraLautDirajaMalaysia
2891;BucinTVOfficial
2892;SATPAMHOROR
2893;TribunnewsSultraOfficial
2894;KeepingOurKidsSafe
2895;bongkebongvlog
2896;ramonbiligan4079
2897;Callnerds
2898;askimotv
2899;operationsurvival3113
2900;TheHouseOfAlex
2901;jenwaring2962
2902;wicysamrita
2903;stephenknoedler8709
2904;isabellealmario487
2905;WeAreTheExplorer
2906;BenTruong
2907;lifehacklion4658
2908;SecurityDotOrg
2909;emmafreese9167
2910;antibullyingmatchcardgame826
2911;sarahcherry4799
2912;ExpressoSABC
2913;YoloCountyDA
2914;juiceysure3036
2915;asianinstituteofcomputerst1649
2916;YourCaliforniaLife
2917;CrisSchoolOfficial
2918;zootomapp
2919;16WAPTNews
2920;ayesham3458
2921;phhstrojantvnews
2922;PBDPodcast
2923;cwillmoree
2924;zawieyahzanuddin8423
2925;WebiketIreland
2926;sleducationltd9502
2927;z4r4licious
2928;yemimamima7587
2929;pychannel79
2930;MyLearningSpringboardPage
2931;AnwarIbrahim_my
2932;hearthavenoutreach
2933;gcacounselors7508
2934;PACERCenter
2935;RiaInsyirah
2936;ideacpsanbenitodragons1727
2937;IntermediaktOrg
2938;Vicktoriat7
2939;cybersafetytips2919
2940;BrettFletcherTMM
2941;ISOTrainingInstitute
2942;melissaxfilms
2943;maryrosecundangan1421
2944;letsstopbullyingtogether5754
2945;wcco
2946;parryaftab479
2947;NTTAC
2948;ElayTVProductionsLLC
2949;pertubuhansukarelawanaddin5917
2950;astromalaysia
2951;LarahCapuyan
2952;suprememotivationandquotes
2953;WatchNCB
2954;letslearnkelvi
2955;epicfrankie300
2956;BestSuccessTraining
2957;DWShift
2958;lisaparis5014
2959;Kidsinthehouse
2960;jacksampel1519
2961;renfredp.soldia7884
2962;stopcyberbullying
2963;ksrobinson81
2964;yasminlondon4337
2965;divaeyestudio8851
2966;GMSVideoFun
2967;BoldBusiness
2968;TodaysSciencology
2969;SkyeMarshall
2970;IbpaworldOrg
2971;TheBarleyDigital
2972;SajadSahi
2973;changyongwei3749
2974;BillBelsey
2975;pipsuni
2976;iDefend
2977;RaiyanProteek
2978;littlelifetips2867
2979;annabreen2425
2980;erinkatedougherty7805
2981;NanjilAnandFoundation
2982;ynaysabellevillaflor3887
2983;moonjaygoodman
2984;stouffvilleconnects
2985;cathymacdonald5016
2986;Carterlawaz
2987;MDreiblatt
2988;jaclynwagner6338
2989;cedrikjacob7446
2990;Inspiredelearning
2991;araque202
2992;simplyoutrageousyouth1393
2993;ArkansasEd
2994;Chilton5000
2995;ThisMinah
2996;iamhasrizal
2997;FahdiGhazali
2998;MieraEdoraChannel
2999;aishahazhar9874
3000;eSafetyOffice
3001;cbscolorado
3002;horizonjapaninternationals5920
3003;associationforchildandadol1624
3004;nikzulaikha4324
3005;cybersmartiesadmin1734
3006;vinessalucia7737
3007;TheKristinHoffman
3008;Bloops224
3009;bereel
3010;essencecosmetics
3011;DitchtheLabelORG
3012;MAGICRevealed
3013;TuffSandwich
3014;youthlegalserviceinc
3015;eliteitmmu6745
3016;IPRHinfo
3017;secretv1
3018;eAWARE
3019;Lifetime
3020;WestwoodMediaCenterProgramming
3021;aronattiwell5024
3022;ammarmohmmad2249
3023;danielmaak7355
3024;itsfugo1738
3025;emtech8918
3026;JustTanima_Barbie
3027;amelialumpkin6354
3028;NICbrvideos
3029;rowenacatalogo32
3030;connectthedotsnj
3031;matthiassalter692
3032;TheRandomboy10
3033;TheVlogTheory
3034;zenyen2665
3035;PositivityHQ25
3036;keithdeltano
3037;kassiekeating9617
3038;stJosephsacademyHosur
3039;myssfitmagazinellcmagazine9242
3040;TheWorkingGroup
3041;wecanaltervista
3042;laurenmagielnicki7611
3043;TEDEdStudentTalks
3044;Marco-gv4wd
3045;RussianSalad-sm6nv
3046;johannapasco8995
3047;OhioCommissionDRCM
3048;doralcactusmedia9603
3049;AutisticHedgehog
3050;devnmalyt6008
3051;TrevorMuir
3052;jackpop
3053;NgXinLei-AET
3054;nzlstudio6449
3055;zyrielemnase8272
3056;CypherAdda
3057;basenglish
3058;AllurBeautifulCourag
3059;ginnygaba8490
3060;nursyafeenaz7405
3061;DanSpada
3062;CombatCyberBullying1
3063;cleahanneulantcomesario
3064;22JacobL
3065;VlAngelita
3066;SomocomLab
3067;cyberbullying2804
3068;SensationalSlap
3069;avniandvaanika6773
3070;musicparodies9621
3071;usqedu
3072;kennethpaulsoria7150
3073;mtaOnline1
3074;yourtown
3075;quilatankristianne2011
3076;Bocilsampang479
3077;icon5453
3078;ppmattorneys
3079;euronews
3080;CK-hn3fx
3081;localspot8320
3082;amreenkaur1672
3083;CARESpace
3084;SECCEducationalTV
3085;jessicahult3967
3086;normiemadale4096
3087;purvaanshlohiya6583
3088;SophiyAnjam
3089;ConnectWithKids
3090;SchoolReach
3091;Etactics
3092;syazajumairi6095
3093;WISEQatar
3094;ivanhoeweb4862
3095;ArirangCoKrArirangNEWS
3096;encanews
3097;citytv
3098;soniquestudio9364
3099;suggesthings2377
3100;niskamala_karsa3396
3101;WHAS11News
3102;MQTransformingMentalHealth
3103;pedikgmeritam1586
3104;afiqaiman354
3105;SelangorTV-td6pt
3106;UniversityofAlabama
3107;glsen
3108;arifur-rahman6614
3109;faststudio3676
3110;mohamadfaiz6247
3111;derrickabbasymuhammadhafiz9709
3112;nabihahanuar8940
3113;CW7Arizona
3114;noranisabdulmubin3374
3115;elithecomputerguy
3116;ixorabeauty
3117;fifiefaisha
3118;Putri-hz9by
3119;CyberWiseChannel
3120;ARIZALSAPUTRA
3121;najibzainol1256
3122;NADIKgKalaStar
3123;korporatperpustakaanuitmjo2076
3124;aonetimeart2073
3125;jjonas.y
3126;ikhwanmael9201
3127;mediaclassrhs79
3128;victorhugobanueloshernande5544
3129;wannurfarhanim7842
3130;BoulderPsychologicalServices
3131;videoassignment9118
3132;drjssssjrd3017
3133;PsychCounselingHRDUSIM
3134;committeeforchildren
3135;syahmishamsudin
3136;aimanzafri2950
3137;niniey444
3138;farahfarhana9889
3139;jihannovita6640
3140;sahpiahadam6064
3141;CIKGUCRSHER
3142;ruangberproses5234
3143;putrijulia5631
3144;IrfanHakimi-v4m
3145;wkbtnews8now
3146;neilanajmia6354
3147;rajutabinyahyakpm-guru6397
3148;NazrulAzizi
3149;shellseaguevara5418
3150;bincangsehati
3151;kaylasims9974
3152;githanos3947
3153;asmakalya7050
3154;pusatinternetkalok3481
3155;bamboitv
3156;nurulhudaismail3925
3157;COJAAcademy
3158;DJYinxHiLighter
3159;NADIKetapang
3160;tadikanurussalam4896
3161;elanirashid7798
3162;shahanfathallahhadyan9395
3163;istanamuslim
3164;psmtintb4325
3165;cellinetho6718
3166;amalia_nas1155
3167;rishvinivini6285
3168;psikologiuniversitasbrawij3120
3169;BNMOfficial
3170;dpr1a983
3171;inshotfilms905
3172;socerything5924
3173;JohnRodDondoyano
3174;Sandi.s
3175;schoolproject726
3176;mmaizuram
3177;by.izzathashim3241
3178;T2HO-01
3179;knoy1643
3180;informationsystemclass5407
3181;skyfalllove90
3182;xposeradikal3975
3183;harakahdailyHD
3184;cikguyanox8534
3185;cikguila4134
3186;wkt6277
3187;JustitiaOfficialYouTubeChannel
3188;finaagatha3486
3189;cartoonnetworkasia
3190;unifi-convegni6332
3191;KristaExhibitions
3192;ytztutorial3796
3193;sditmaarifpadangpanjangoff3211
3194;HoyDia
3195;educacaoemocionalpositiva-6218
3196;iprc.official
3197;nadisridamansara
3198;RaKUen1999
3199;MidaBaharum
3200;iQIYISuperShow
3201;arifdanial9804
3202;raninawangsari378
3203;dianambarwati842
3204;arcweave6449
3205;RumahKebangsaanOfficial
3206;safwanshafee4019
3207;nnameliaa1229
3208;noraiman2390
3209;safiraakmalia3956
3210;MotivED
3211;INCIBE
3212;sinicerita-eki
3213;bemfisipunmul
3214;PlayerOneStories
3215;patricialarasati521
3216;cppcr1977
3217;nurfarhanimazlinmohamadzak6043
3218;UstazahWanSuhana
3219;anisnajihabintimohamadasre9068
3220;ninadane9537
3221;WHYkenapa
3222;nurazrinaz7129
3223;EuropeanSchoolnet
3224;ericscottjr.1957
3225;facultyofmultimediabroadca1698
3226;barrettmason8523
3227;BackMeUp2012
3228;ppktusmkejuruteraan92
3229;calgaryherald
3230;ai-codingandmore
3231;News4JAX
3232;parentlab4646
3233;aimanhakimisukimikysb8223
3234;taylorlaing8
3235;drakechannel5062
3236;hidayahtulizzah3963
3237;hadifzaffry
3238;dikhuda7559
3239;RandKServicesCoLLC
3240;arabellagracecanapate8196
3241;nurnadiya5501
3242;farahhaidah2349
3243;ariwibowoshishmh4340
3244;MATHEWCHEW1255
3245;Nisa-o4w9q
3246;siberacehtv
3247;LisaNoviana
3248;mauritsboonvanostade1093
3249;nabilahsuhaimi4290
3250;LaelaKhanZa99
3251;akmgrup8
3252;HEB
3253;anthonys9204
3254;MSITelkomUniversity
3255;cctvrakyat
3256;suganyasegar7948
3257;AssifaOfficial
3258;DocEdPadama
3259;akareducation
3260;chinxinyi7145
3261;AllHealthGo
3262;baligeacademy8116
3263;RHOCSTARLHUV09
3264;KSLNews
3265;NASIONALTVOFFICIAL
3266;klst-tvksan-tvconchovalley8513
3267;React
3268;adnewsaust
3269;ChannelBabangMinul
3270;DeepakDey
3271;Krgv5
3272;deeviews9138
3273;mxndlrs
3274;stephencroshaw6111
3275;fox26houston
3276;WebWiseKids
3277;reimuelbisnar8628
3278;chinfantao2987
3279;WQOWNews18
3280;ctulg5641
3281;Darcie787
3282;lafayettesunnyside
3283;joshuabaun6029
3284;ashrafjalil
3285;hannabayao1873
3286;projectrockit
3287;12CSI
3288;alexmusco5255
3289;iron45
3290;kutvasktheexpert7642
3291;MauriceJackPanelo
3292;aarohing
3293;juanjoanarose7638
3294;norfatinfarzana2684
3295;yvettejuliennepis-an1192
3296;DreamCatcherPromo
3297;WECDSBMedia
3298;aimannaza621
3299;HazemanHuzir
3300;nuraisyasofea8634
3301;SuperJNEWSOM
3302;CBNnewsonline
3303;KamilaDawn
3304;guidanceeducationalvideos2283
3305;aroundtheworldandtech
3306;schoolpayadmin
3307;blackholestudio370
3308;kxan_news
3309;UpperCanadaDSB
3310;TromboneQueen96
3311;FeverRadioLeeds
3312;khaledschools9964
3313;syedsyaddad3507
3314;MCASTICAMedia
3315;nurfarzana2373
3316;saisdofficeoffamilycommuni1710
3317;CrimeStopHouston
3318;Channel10AU
3319;MonsterLombard
3320;panganibanpatrickn.6861
3321;ESPPublicSpeaking2024UPI
3322;lensinthebenz5794
3323;idmentor1605
3324;anastasiajemat1887
3325;Cover6Solutions
3326;longfordcomhairlenanog1184
3327;spunoutmedia
3328;family
3329;Du3lin
3330;kierantvyoutube3591
3331;ChildSafeNet
3332;v.r.u5682
3333;VicGovDE
3334;fatimaaziz7485
3335;twinklusa
3336;hadeelmusallam5326
3337;DellAmoreMedia
3338;CherryAngelBradbury
3339;carmelict
3340;lowellmonis5700
3341;cheekycreations3202
3342;jadeamber7001
3343;marktaguilaso5413
3344;teachingpartner
3345;kare11
3346;ijat_awang8103
3347;chantelleflavell5992
3348;12316dana
3349;rossmum
3350;mediatujuhsuluh
3351;NaluriLife
3352;KokBisa
3353;UniversitiPutraMalaysia
3354;SpeakEnglishWithSophie
3355;alexisrb.419
3356;fyaonroad
3357;mfarran84
3358;Up2UsNow
3359;missinglinktrust8459
3360;11networkaustralia
3361;bernewsdotcom
3362;Neuroversiti
3363;BeritaKBR
3364;defensoria_nnya
3365;NarasiNewsroom
3366;info.pkbijatim8950
3367;viraltv8267
3368;wirabuana6239
3369;SiTunyol
3370;SiswaSiswiUUM
3371;baliinyourhands2432
3372;MenjadiManusia
3373;ShhStudiosMedia
3374;nurulaziemah1902
3375;JaffrayStudios
3376;KCAUTVSiouxCity
3377;STEMCyberLeader
3378;fannyaguilar5950
3379;kanyitkeat6673
3380;EverydayHealth
3381;amnitrmz9807
3382;infosecdefenders8652
3383;centerforinitiativesandact8261
3384;andreeablackcat
3385;ek20clc88
3386;wanetv
3387;MASKMATTERS
3388;dr.wendyoconnor2344
3389;alexisalmadrones7374
3390;maryanncano3775
3391;TheRajDave
3392;STIEswastamandiriSurakarta
3393;WPBSShortFlix
3394;rizzalapidario1665
3395;CeritaSains
3396;Mreditor2317
3397;radahealing
3398;WexLocalDev
3399;helvyaprillia
3400;communicationglobalization4301
3401;tdubnew7478
3402;7869cb
3403;TrishaMadayag
3404;whitelandnet
3405;kqumafilms160
3406;leodyramaputra7974
3407;ACCANvideo
3408;james.harding
3409;omonmacusi3246
3410;NajihahMonon
3411;baileelynn922
3412;PPGELESP2024
3413;PublicandPermanent
3414;PieeandPeaa
3415;wisards3565
3416;AnggiRegitaAnanda
3417;Theweirdoshow5
3418;fatimathfidha6217
3419;hermangudmundsen4913
3420;rshbliss3760
3421;tiadaguru
3422;kens5
3423;sharuslittleworld9114
3424;sabcdigitalnews
3425;ProjectSendiriMY
3426;nadstamago9624
3427;aitsleduau
3428;Codeeyz
3429;whocares2400
3430;p-g12jamandranicolem.44
3431;JohnzyZombee
3432;sofiebengtsen2485
3433;harounbenghorbel6726
3434;Valentine021493
3435;apriljohnarbutante1140
3436;masterryan08
3437;tristengreen2851
3438;FikirkanAnak
3439;%E5%BF%83%E5%9C%B0%E5%A5%BD%E4%B8%80%E9%BB%9E%E9%9C%B8%E5%87%8C%E5%B0%91%E4%B8%80%E9%BB%9E
3440;valerietrisnadi9296
3441;gabriellazanotelli3672
3442;peytonbarnabi5061
3443;VivoClass
3444;jshin2
3445;madeffany7350
3446;mariedanaeabuan4147
3447;juanaguilar7458
3448;fahadmohammadnoor6810
3449;kayanapembayun9483
3450;KPIUINSK23
3451;papasmurf3201
3452;twitchywabbit
3453;roesl1mk
3454;yagmurulkeroglu4608
3455;changmuilie4716
3456;netizenscyberspace8106
3457;riznel1372
3458;gabrielmendoza232
3459;elisabethjwithans8335
3460;kaylageoffrey5316
3461;dontlosehope3484
3462;mcgillu
3463;acsumaylo6101
3464;cherryrosecolonia8088
3465;jasperostrom9170
3466;sminfluencer3860
3467;wmbih
3468;warrenciar8825
3469;ronalynmendez913
3470;albertttxx
3471;thiaaille4266
3472;justinerieanglit7556
3473;Aslith
3474;Djgee3
3475;TheShortsNetwork
3476;RameezManamaa
3477;mohammedfarram7824
3478;sajikumarvs7822
3479;jimuelv
3480;harjayromero6851
3481;MHarm7
3482;TVPSSDeKLIAN
3483;cutmaxamillion
3484;Jhonrel26
3485;OuterCoreCreative
3486;Butterfly-jw1fp
3487;Gwehr24
3488;tarequltanmoyyy
3489;gabriellynnorwie1943
3490;donnalaubli
3491;macleaycollege
3492;Fikri-m8o
3493;auroratiqa
3494;tammydunnettleadership
3495;viralkuliah9697
3496;DrJordanBPetersonClips
3497;butlercountycommunityresou175
3498;Nativewomensociety
3499;jianalleahgraneta957
3500;farahinfadzil5131
3501;HomewoodHealthInc.
3502;zilenial
3503;DWIndonesia
3504;KataDokterid
3505;umairahzamri3889
3506;fakhrul1216
3507;KOINLOCAL6
3508;excokesihatanawamselangor4209
3509;diyanafarisha233
3510;WYLing-mk6rt
3511;muhammadhakimbinramzi3956
3512;farhanjamel5296
3513;adamfirdaus8813
3514;lilynazilaiberahim4722
3515;sidiqzulkifle4845
3516;noramalinsahiirabintimohdf8410
3517;shamithabalan2749
3518;zafirahfirzah7317
